Date,Open,High,Low,Close,Volume,Dividends,Stock Splits,Adjusted Close
01/04/2021,131.035609006256,131.12393079000734,124.40138964990409,127.00208282470703,143301900,0.0,0.0,127.00208282470703
01/05/2021,126.49177772378678,129.28875452776282,126.0403302315261,128.57232666015625,97664900,0.0,0.0,128.57232666015625
01/06/2021,125.34355560518563,128.6115971467364,124.02848466735863,124.24439239501953,155088000,0.0,0.0,124.24439239501953
01/07/2021,125.97162938150967,129.18078927811055,125.48093279073952,128.48399353027344,109578200,0.0,0.0,128.48399353027344
01/08/2021,129.96592163087954,130.16221229207352,127.80685913162058,129.59300231933594,105158200,0.0,0.0,129.59300231933594
01/11/2021,126.78621547448277,127.74797681148866,126.10905163393149,126.58011627197266,100384500,0.0,0.0,126.58011627197266
01/12/2021,126.10902143895353,127.27688169884232,124.49953725071194,126.4034423828125,91951100,0.0,0.0,126.4034423828125
01/13/2021,126.36418695349148,129.00413713920824,126.09922156319543,128.45455932617188,88636800,0.0,0.0,128.45455932617188
01/14/2021,128.36624630749185,128.56252197201644,126.3641955946703,126.51141357421875,90221800,0.0,0.0,126.51141357421875
01/15/2021,126.3838221068162,127.79703078916731,124.63694331193014,124.77433776855469,111598500,0.0,0.0,124.77433776855469
01/19/2021,125.40244253470397,126.31514614783522,124.57807570501232,125.4515151977539,90757300,0.0,0.0,125.4515151977539
01/20/2021,126.26605855380977,130.0247964808752,126.15810469781516,129.57334899902344,104319500,0.0,0.0,129.57334899902344
01/21/2021,131.3103886709983,137.07116088889268,131.10428954848368,134.32325744628906,120150900,0.0,0.0,134.32325744628906
01/22/2021,133.74426539927524,137.2478463453018,132.50771534619807,136.48236083984375,114459400,0.0,0.0,136.48236083984375
01/25/2021,140.40791435723037,142.3903175858222,133.99940380383867,140.2606964111328,157611700,0.0,0.0,140.2606964111328
01/26/2021,140.92807702368188,141.6150493053342,138.73955928909098,140.4962615966797,98390600,0.0,0.0,140.4962615966797
01/27/2021,140.76123684592343,141.6150592181247,137.79743979835283,139.41673278808594,140843800,0.0,0.0,139.41673278808594
01/28/2021,136.9239932628227,139.3480358384111,134.1564570526862,134.53919982910156,142621100,0.0,0.0,134.53919982910156
01/29/2021,133.30262513606195,134.19569644142416,127.7872007653493,129.504638671875,177523800,0.0,0.0,129.504638671875
02/01/2021,131.26134598013263,132.86102175487773,128.49380985265012,131.6440887451172,106239800,0.0,0.0,131.6440887451172
02/02/2021,133.2045235425026,133.77373351812588,132.10536771364391,132.47830200195312,83305400,0.0,0.0,132.47830200195312
02/03/2021,133.23392741204748,133.24375092737344,131.12393814914927,131.4477996826172,89880900,0.0,0.0,131.4477996826172
02/04/2021,133.76390311437711,134.84342670561895,132.08571406612154,134.8336181640625,84183100,0.0,0.0,134.8336181640625
02/05/2021,134.99579220312862,135.06458458682528,133.5313257815902,134.4158935546875,75693800,0.205,0.0,134.6208935546875
02/08/2021,133.6983874861812,134.61245469427652,132.60741275233985,134.5633087158203,71297200,0.0,0.0,134.5633087158203
02/09/2021,134.2783017949634,135.51671474782634,133.52151054293657,133.6787567138672,76774200,0.0,0.0,133.6787567138672
02/10/2021,134.14067986652165,134.64194788264965,132.09633000957785,133.06936645507812,73046600,0.0,0.0,133.06936645507812
02/11/2021,133.57061863693602,134.0522252579582,131.47713780876342,132.81382751464844,64280000,0.0,0.0,132.81382751464844
02/12/2021,132.04720703618614,133.206974286513,131.39851603316492,133.04971313476562,60145100,0.0,0.0,133.04971313476562
02/16/2021,133.1676696014032,133.67874586062226,130.51393634486544,130.90708923339844,80576300,0.0,0.0,130.90708923339844
02/17/2021,129.00034243060716,129.9537175896838,127.25085327209013,128.5973663330078,97918500,0.0,0.0,128.5973663330078
02/18/2021,126.98549485807273,127.77178576995355,125.22618225280029,127.48676300048828,96856700,0.0,0.0,127.48676300048828
02/19/2021,128.00766551584496,128.46961082077632,126.59234500688501,127.64399719238281,87668800,0.0,0.0,127.64399719238281
02/22/2021,125.81585928386941,127.49655589599915,123.4471714099664,123.84031677246094,103916400,0.0,0.0,123.84031677246094
02/23/2021,121.63874681023115,124.53818059888927,116.36078629643997,123.70275115966797,158273000,0.0,0.0,123.70275115966797
02/24/2021,122.79850081905494,123.40786907116029,120.13495176917941,123.20146942138672,111039900,0.0,0.0,123.20146942138672
02/25/2021,122.54296145977442,124.29245072249435,118.47392244463641,118.91620635986328,148199500,0.0,0.0,118.91620635986328
02/26/2021,120.48876969143771,122.71003476223423,119.12259527807879,119.18157196044922,164560400,0.0,0.0,119.18157196044922
03/01/2021,121.62889325838907,125.73724728617297,120.685348804462,125.59964752197266,116307900,0.0,0.0,125.59964752197266
03/02/2021,126.20901982942506,126.51370394206306,122.86729529269142,122.97541046142578,102260900,0.0,0.0,122.97541046142578
03/03/2021,122.67072944478079,123.55530476599374,119.75163463409064,119.96786499023438,112966300,0.0,0.0,119.96786499023438
03/04/2021,119.66318905650243,121.48147831451469,116.5868403658898,118.07095336914062,178155000,0.0,0.0,118.07095336914062
03/05/2021,118.90636064611448,119.84990498559894,115.55480572794286,119.33881378173828,153766600,0.0,0.0,119.33881378173828
03/08/2021,118.85723124871882,118.92603113207338,114.21813197502655,114.36556243896484,154376600,0.0,0.0,114.36556243896484
03/09/2021,116.98979195535063,119.96785572457048,116.75390772078732,119.01448059082031,129525800,0.0,0.0,119.01448059082031
03/10/2021,119.60420458130724,120.07597305893859,117.40259335694519,117.92351531982422,111943300,0.0,0.0,117.92351531982422
03/11/2021,120.43964362697203,121.09815790880334,119.18158425313746,119.86958312988281,103026500,0.0,0.0,119.86958312988281
03/12/2021,118.33630647479868,119.09310512582599,117.1175625763313,118.95550537109375,88105100,0.0,0.0,118.95550537109375
03/15/2021,119.32899671983958,121.87459967829663,118.35596024275341,121.8647689819336,92403800,0.0,0.0,121.8647689819336
03/16/2021,123.54547079251341,125.03942185064385,122.58227241166287,123.4177017211914,115227900,0.0,0.0,123.4177017211914
03/17/2021,121.9237449367129,123.70271853801124,120.24304830396375,122.62157440185547,111932600,0.0,0.0,122.62157440185547
03/18/2021,120.77379965201725,121.06866056736435,118.25768116925373,118.46408081054688,121229700,0.0,0.0,118.46408081054688
03/19/2021,117.84488057614023,119.34865473071324,117.62865024044028,117.93333435058594,185549500,0.0,0.0,117.93333435058594
03/22/2021,118.2675141601053,121.74683853501666,118.19871427833975,121.27506256103516,111912300,0.0,0.0,121.27506256103516
03/23/2021,121.21611170005785,122.11051029821304,120.04650603461369,120.43965148925781,95467100,0.0,0.0,120.43965148925781
03/24/2021,120.71483425864031,120.79346483835167,118.0119699447166,118.03162384033203,88530500,0.0,0.0,118.03162384033203
03/25/2021,117.49105777125042,119.57472318254561,116.96031259577076,118.52305603027344,98844700,0.0,0.0,118.52305603027344
03/26/2021,118.28717860906288,119.39781501202965,116.88168875734746,119.13243865966797,94071200,0.0,0.0,119.13243865966797
03/29/2021,119.56488705880638,120.47894690309946,118.66065791137925,119.30934143066406,80819200,0.0,0.0,119.30934143066406
03/30/2021,118.05128642964837,118.33631666001894,116.82271172906391,117.84488677978516,85671900,0.0,0.0,117.84488677978516
03/31/2021,119.56488271633066,121.40282553640593,119.07345287162615,120.05631256103516,118323800,0.0,0.0,120.05631256103516
04/01/2021,121.5404298703595,122.05151359717327,120.39047836243626,120.89173889160156,75089100,0.0,0.0,120.89173889160156
04/05/2021,121.74683847269918,123.99758817305577,120.96054768267405,123.7420425415039,88651200,0.0,0.0,123.7420425415039
04/06/2021,124.33176027319048,124.95095922563895,123.49633097266083,124.0467300415039,80171300,0.0,0.0,124.0467300415039
04/07/2021,123.67324428693844,125.7274175675031,122.99506865908465,125.707763671875,83466700,0.0,0.0,125.707763671875
04/08/2021,126.73974417941274,128.15506442261378,126.31712174422641,128.12557983398438,88844600,0.0,0.0,128.12557983398438
04/09/2021,127.57518895016632,130.759644702315,127.25084345740146,130.7203369140625,106686700,0.0,0.0,130.7203369140625
04/12/2021,130.2485990315426,130.57294460041493,128.3909944078206,128.99053955078125,91420000,0.0,0.0,128.99053955078125
04/13/2021,130.16994274464935,132.35189250654116,129.66867469295184,132.12582397460938,91266500,0.0,0.0,132.12582397460938
04/14/2021,132.6271087561986,132.68607794683706,129.40332969178885,129.76698303222656,87222800,0.0,0.0,129.76698303222656
04/15/2021,131.52625811307044,132.68602505935613,131.34933561442392,132.19459533691406,89347100,0.0,0.0,132.19459533691406
04/16/2021,131.99807340415597,132.36172672901014,130.9955522145104,131.8604736328125,84922400,0.0,0.0,131.8604736328125
04/19/2021,131.221588183744,133.14799972165537,131.0545038407348,132.52879333496094,94264200,0.0,0.0,132.52879333496094
04/20/2021,132.70572639756384,133.2069794663451,129.55074003091264,130.82846069335938,94812300,0.0,0.0,130.82846069335938
04/21/2021,130.09133234585215,131.45750695846502,129.04950328839573,131.2117919921875,68847100,0.0,0.0,131.2117919921875
04/22/2021,130.7596646421977,131.85063964886385,129.15761332407135,129.67852783203125,84566500,0.0,0.0,129.67852783203125
04/23/2021,129.89476503650192,132.80402187604045,129.89476503650192,132.0177459716797,78657500,0.0,0.0,132.0177459716797
04/26/2021,132.5189885909411,132.7450421456381,131.27075244611348,132.41087341308594,66905100,0.0,0.0,132.41087341308594
04/27/2021,132.69590089120098,133.08905382345333,131.81133303882223,132.08653259277344,66015800,0.0,0.0,132.08653259277344
04/28/2021,132.0078886811537,132.70572569217862,130.79897540566625,131.2904052734375,107760100,0.0,0.0,131.2904052734375
04/29/2021,134.130895248475,134.72061720274502,130.1797941482716,131.192138671875,151101000,0.0,0.0,131.192138671875
04/30/2021,129.5212639308941,131.2707531843892,128.8234418676547,129.20675659179688,109839500,0.0,0.0,129.20675659179688
05/03/2021,129.7767891405382,131.77200814363306,129.5703970004846,130.26821899414062,75135100,0.0,0.0,130.26821899414062
05/04/2021,128.94138617064135,129.23624712520495,124.52834004343401,125.65863037109375,137564700,0.0,0.0,125.65863037109375
05/05/2021,126.98547940100876,128.21405411463547,125.77656608203003,125.90434265136719,84000900,0.0,0.0,125.90434265136719
05/06/2021,125.69793872978414,127.5260585505139,124.9509631850948,127.5162353515625,78128300,0.0,0.0,127.5162353515625
05/07/2021,128.82567007575122,129.22931568765318,127.47685466525526,128.19557189941406,78973300,0.22,0.0,128.41557189941406
05/10/2021,127.40793510786477,127.5359136961779,124.84815302346195,124.88753509521484,88071200,0.0,0.0,124.88753509521484
05/11/2021,121.58935531951354,124.31649787876586,120.8706457037189,123.96207427978516,126142800,0.0,0.0,123.96207427978516
05/12/2021,121.49090180378782,122.71171587867694,120.35869174927288,120.87064361572266,112172300,0.0,0.0,120.87064361572266
05/13/2021,122.65264768307355,124.19835820323351,122.3375986442945,123.03661346435547,105861300,0.0,0.0,123.03661346435547
05/14/2021,124.29682407064753,125.91145152103249,123.90301084854725,125.47825622558594,81918000,0.0,0.0,125.47825622558594
05/17/2021,124.85799186302667,124.96629067508512,123.23351719351145,124.31649780273438,74244600,0.0,0.0,124.31649780273438
05/18/2021,124.602024098015,125.02537199167199,122.84956316983187,122.9184799194336,63342900,0.0,0.0,122.9184799194336
05/19/2021,121.25462724484076,122.98739333394258,120.95926546235002,122.76095581054688,92612000,0.0,0.0,122.76095581054688
05/20/2021,123.29259332598338,125.74406889709944,123.16459972447154,125.34040832519531,76857100,0.0,0.0,125.34040832519531
05/21/2021,125.84252621827586,126.01974178060932,123.27290432012167,123.489501953125,79295400,0.0,0.0,123.489501953125
05/24/2021,124.06052614414806,125.96066779369438,123.99160940085308,125.13365936279297,63092900,0.0,0.0,125.13365936279297
05/25/2021,125.84252503150985,126.3347971545599,124.36573119644534,124.93675994873047,72009500,0.0,0.0,124.93675994873047
05/26/2021,124.99583391469474,125.41918179683563,124.46418721307396,124.88753509521484,56575900,0.0,0.0,124.88753509521484
05/27/2021,124.48386186638679,125.6652937824,123.14490168884598,123.34180450439453,94625600,0.0,0.0,123.34180450439453
05/28/2021,123.62733711617535,123.85378214774809,122.62312059028382,122.68218994140625,71311100,0.0,0.0,122.68218994140625
06/01/2021,123.14492624667378,123.41074585181074,122.02256344922891,122.3572998046875,67637100,0.0,0.0,122.3572998046875
06/02/2021,122.35729724819358,123.30244445201204,122.13085972102327,123.12522888183594,59278900,0.0,0.0,123.12522888183594
06/03/2021,122.75110879144437,122.91847696340038,121.22508542949627,121.62874603271484,76229200,0.0,0.0,121.62874603271484
06/04/2021,122.15054745298607,124.20821755382225,121.93394980959675,123.94239044189453,75169300,0.0,0.0,123.94239044189453
06/07/2021,124.21804430390357,124.36572518254104,122.89877881382816,123.95222473144531,71057600,0.0,0.0,123.95222473144531
06/08/2021,124.64140234487121,126.47263487385389,124.25743653582452,124.77923583984375,74403800,0.0,0.0,124.77923583984375
06/09/2021,125.24197215504475,125.77361888181868,124.56264453005097,125.1632080078125,56877900,0.0,0.0,125.1632080078125
06/10/2021,125.05489901322112,126.20680391656815,123.99161315750662,124.15898132324219,71186400,0.0,0.0,124.15898132324219
06/11/2021,124.57247762174445,125.46840279306734,124.14912976818692,125.37979125976562,53522400,0.0,0.0,125.37979125976562
06/14/2021,125.84252100168348,128.52043409396896,125.10412410779674,128.46136474609375,96906500,0.0,0.0,128.46136474609375
06/15/2021,127.92971537620748,128.57950819638987,127.38822135938884,127.63435363769531,62746300,0.0,0.0,127.63435363769531
06/16/2021,128.3530569594658,128.8650163097929,126.4726177517867,128.13645935058594,91815000,0.0,0.0,128.13645935058594
06/17/2021,127.79188008115058,130.49933510396002,127.64419170263696,129.75108337402344,96721700,0.0,0.0,129.75108337402344
06/18/2021,128.68782848639466,129.47543989030297,128.22509852410002,128.4416961669922,108953300,0.0,0.0,128.4416961669922
06/21/2021,128.28419120872906,130.36154896321318,127.21105770641262,130.2532501220703,79663300,0.0,0.0,130.2532501220703
06/22/2021,130.08585643803642,132.00568549797342,129.58373689893602,131.9072265625,74783600,0.0,0.0,131.9072265625
06/23/2021,131.70048553956795,132.24197964625282,131.1688313174684,131.63156127929688,60214200,0.0,0.0,131.63156127929688
06/24/2021,132.369927156846,132.55699007911775,130.8734388013929,131.3460235595703,68711000,0.0,0.0,131.3460235595703
06/25/2021,131.39528094550883,131.81862131413266,130.7553279163035,131.05068969726562,70783700,0.0,0.0,131.05068969726562
06/28/2021,131.34603933058335,133.1575693862815,131.28696998439884,132.69483947753906,62111300,0.0,0.0,132.69483947753906
06/29/2021,132.7145273725493,134.3783839763475,132.27149227645867,134.22085571289062,64556100,0.0,0.0,134.22085571289062
06/30/2021,134.06333900959646,135.2841606225744,133.7679772458266,134.84112548828125,63261400,0.0,0.0,134.84112548828125
07/01/2021,134.48672937348982,135.2054316682683,133.65971321517688,135.1463623046875,52485800,0.0,0.0,135.1463623046875
07/02/2021,135.76658059145691,137.834098071621,135.6189072097557,137.7947235107422,78852600,0.0,0.0,137.7947235107422
07/06/2021,137.9030014156398,140.93533789329956,137.9030014156398,139.8228302001953,108181800,0.0,0.0,139.8228302001953
07/07/2021,141.3193407166253,142.64846138985777,140.45296507693467,142.3334197998047,104911600,0.0,0.0,142.3334197998047
07/08/2021,139.38966452107744,141.8312930562139,138.49373922418602,141.02398681640625,105575500,0.0,0.0,141.02398681640625
07/09/2021,140.54154644582522,143.3966751806439,140.44308751453198,142.8650360107422,99890800,0.0,0.0,142.8650360107422
07/12/2021,143.94804770461118,144.0563465376549,141.77223115808823,142.26449584960938,76299700,0.0,0.0,142.26449584960938
07/13/2021,141.8017179306441,145.17866038541084,141.40791231956322,143.38681030273438,100827100,0.0,0.0,143.38681030273438
07/14/2021,145.80880077033797,147.25606009706507,145.39528522893696,146.84254455566406,127050800,0.0,0.0,146.84254455566406
07/15/2021,146.93115899137086,147.67939585552452,144.81441197047334,146.1829071044922,106820300,0.0,0.0,146.1829071044922
07/16/2021,146.16321153525482,147.44308747614141,143.62312439838306,144.12522888183594,93251400,0.0,0.0,144.12522888183594
07/19/2021,141.52607630165937,141.8411328650296,139.47825370792415,140.24618530273438,121434600,0.0,0.0,140.24618530273438
07/20/2021,141.24056044298723,144.8242459981642,140.7482958611073,143.88893127441406,96350000,0.0,0.0,143.88893127441406
07/21/2021,143.27853681932905,143.86926036303473,142.39246652649433,143.15054321289062,74993500,0.0,0.0,143.15054321289062
07/22/2021,143.68218920218482,145.90721971400404,143.55419560305512,144.5288848876953,77338200,0.0,0.0,144.5288848876953
07/23/2021,145.26728861629522,146.41918599463074,144.64703040383625,146.26165771484375,71447400,0.0,0.0,146.26165771484375
07/26/2021,145.9761505823773,147.51201375064807,145.41496172019643,146.6850128173828,72434100,0.0,0.0,146.6850128173828
07/27/2021,146.81299380512155,146.90161285299197,143.2982322697931,144.49935913085938,104818600,0.0,0.0,144.49935913085938
07/28/2021,142.5696771196854,144.69626388769956,140.33479153415036,142.73704528808594,118931200,0.0,0.0,142.73704528808594
07/29/2021,142.4515107093765,144.2827353440726,142.3432119129211,143.38681030273438,56699500,0.0,0.0,143.38681030273438
07/30/2021,142.1463100158991,144.06613867195068,141.8804829642239,143.60340881347656,70440600,0.0,0.0,143.60340881347656
08/02/2021,144.09570827808662,144.67657695692847,143.00288015926517,143.26870727539062,62880000,0.0,0.0,143.26870727539062
08/03/2021,143.5542073726131,145.7497033912077,142.93394913855968,145.08023071289062,64786600,0.0,0.0,145.08023071289062
08/04/2021,144.99163128757297,145.50357569686636,144.01694189208717,144.67657470703125,56368300,0.0,0.0,144.67657470703125
08/05/2021,144.70608694129876,145.55278259178576,143.90862075172706,144.78485107421875,46397700,0.0,0.0,144.78485107421875
08/06/2021,144.30173304697954,145.0510908868763,143.59180875855884,144.09466552734375,54126800,0.22,0.0,144.31466552734375
08/09/2021,144.1538101842659,144.64681228137025,143.4833345539144,144.04534912109375,48908700,0.0,0.0,144.04534912109375
08/10/2021,144.390480650783,145.6427103986113,143.26643628402056,143.56224060058594,69023100,0.0,0.0,143.56224060058594
08/11/2021,144.00591620300264,144.66653721058393,143.49318980710743,143.81857299804688,48493500,0.0,0.0,143.81857299804688
08/12/2021,144.14395921960622,146.96393188847458,143.79885172477606,146.80616760253906,72282600,0.0,0.0,146.80616760253906
08/13/2021,146.88504401214422,147.34846718072205,146.19484409465485,147.0132293701172,59375000,0.0,0.0,147.0132293701172
08/16/2021,146.4610513093787,149.07397136056775,144.4200305216579,149.00494384765625,103296000,0.0,0.0,149.00494384765625
08/17/2021,148.12740046537013,149.55710348563363,147.00335632689468,148.0879669189453,92229700,0.0,0.0,148.0879669189453
08/18/2021,147.70345716058708,148.61057937264525,144.10453219450807,144.3115997314453,86326000,0.0,0.0,144.3115997314453
08/19/2021,143.00019478081322,145.9286285988822,142.47761373336812,144.64682006835938,86960300,0.0,0.0,144.64682006835938
08/20/2021,145.37646363679517,146.42162569580447,144.72569724506965,146.115966796875,60549600,0.0,0.0,146.115966796875
08/23/2021,146.23428536427775,148.08797813647826,145.82016539191542,147.6147003173828,60131800,0.0,0.0,147.6147003173828
08/24/2021,147.35830579552683,148.74857515020526,147.06250156439106,147.5259246826172,48606400,0.0,0.0,147.5259246826172
08/25/2021,147.7132722763693,148.21614399789047,145.73140944544483,146.2835693359375,58991300,0.0,0.0,146.2835693359375
08/26/2021,146.27372791346247,147.03294030880002,145.44547295773876,145.4750518798828,48597200,0.0,0.0,145.4750518798828
08/27/2021,145.41588305302471,146.66811249505835,144.77498639466725,146.5202178955078,55802400,0.0,0.0,146.5202178955078
08/30/2021,146.9146415619452,151.34180631120265,146.53010048449835,150.9769744873047,90956700,0.0,0.0,150.9769744873047
08/31/2021,150.5234177103463,150.66145770839245,149.1725816095752,149.7050323486328,86453100,0.0,0.0,149.7050323486328
09/01/2021,150.69104741421117,152.81095075984837,150.20789986386805,150.37551879882812,80313700,0.0,0.0,150.37551879882812
09/02/2021,151.71647964877093,152.55458933745416,150.26705209719,151.4995574951172,71115500,0.0,0.0,151.4995574951172
09/03/2021,151.60797602792334,152.46580977491422,150.94735512544472,152.1404266357422,57808700,0.0,0.0,152.1404266357422
09/07/2021,152.8011109360168,155.0590545083265,152.229226549155,154.49703979492188,82278300,0.0,0.0,154.49703979492188
09/08/2021,154.78292509313326,154.84208293407056,151.8249126844354,152.93910217285156,74420200,0.0,0.0,152.93910217285156
09/09/2021,153.31378985130823,153.92510760645166,151.7953350433833,151.91366577148438,57305700,0.0,0.0,151.91366577148438
09/10/2021,152.83067589152319,153.3039537719415,146.6188454107567,146.88507080078125,140893200,0.0,0.0,146.88507080078125
09/13/2021,148.52182610064236,149.3007628440553,146.66813328233127,147.45693969726562,102404300,0.0,0.0,147.45693969726562
09/14/2021,148.24572072632006,148.95564487366912,144.85386425459194,146.0469207763672,109296300,0.0,0.0,146.0469207763672
09/15/2021,146.4807754500619,147.3484639244332,144.32142393467035,146.94419860839844,83281300,0.0,0.0,146.94419860839844
09/16/2021,146.36248807116374,146.88506917286637,145.1595615609567,146.70758056640625,68034100,0.0,0.0,146.70758056640625
09/17/2021,146.73717447960493,146.73717447960493,143.71998853285316,144.0157928466797,129868800,0.0,0.0,144.0157928466797
09/20/2021,141.78743275179284,142.81287068635808,139.2928428757929,140.93946838378906,123478900,0.0,0.0,140.93946838378906
09/21/2021,141.91557901029284,142.5762150721301,140.78168018459422,141.42257690429688,75834000,0.0,0.0,141.42257690429688
09/22/2021,142.42831605206274,144.38060032497077,141.6888128378306,143.80873107910156,76404300,0.0,0.0,143.80873107910156
09/23/2021,144.5975358027627,145.02152550819966,143.6016767987324,144.7750244140625,64838200,0.0,0.0,144.7750244140625
09/24/2021,143.62139423367955,145.4060596626865,143.52278778264505,144.86375427246094,53477900,0.0,0.0,144.86375427246094
09/27/2021,143.43404040370817,143.91718790570002,141.80713939849576,143.33543395996094,74150700,0.0,0.0,143.33543395996094
09/28/2021,141.2451160532435,142.72412250406282,139.70695175162848,139.9238739013672,108972300,0.0,0.0,139.9238739013672
09/29/2021,140.4760467287168,142.42833120938835,140.04220238962688,140.8310089111328,74602000,0.0,0.0,140.8310089111328
09/30/2021,141.6493959206851,142.35932029333532,139.30270063080053,139.51962280273438,89056700,0.0,0.0,139.51962280273438
10/01/2021,139.91400021378337,140.91972878414023,137.16305491411543,140.65350341796875,94639600,0.0,0.0,140.65350341796875
10/04/2021,139.77595320228448,140.2196671387112,136.33480809379688,137.192626953125,98322000,0.0,0.0,137.192626953125
10/05/2021,137.53773352631143,140.24924512070945,137.40954816373892,139.1350555419922,80861100,0.0,0.0,139.1350555419922
10/06/2021,137.51802919318072,140.1605136543545,136.43341837987356,140.0126190185547,83221100,0.0,0.0,140.0126190185547
10/07/2021,141.05775389362967,142.20152233958197,140.7225160873011,141.28453063964844,61732700,0.0,0.0,141.28453063964844
10/08/2021,142.01416807540872,142.1620626710218,140.56474085748667,140.8999786376953,58773200,0.0,0.0,140.8999786376953
10/11/2021,140.27882836486745,142.78327253112315,139.82525979156733,140.81126403808594,64452200,0.0,0.0,140.81126403808594
10/12/2021,141.22539334129212,141.2451176401895,139.0660414915977,139.5294647216797,73035900,0.0,0.0,139.5294647216797
10/13/2021,139.2632647221308,139.42101398931803,137.2518073518561,138.93788146972656,78762700,0.0,0.0,138.93788146972656
10/14/2021,140.12105444540342,141.86628605447308,139.52944592005545,141.74795532226562,69907100,0.0,0.0,141.74795532226562
10/15/2021,141.75784938167374,142.87202406460412,141.50147862214186,142.8128662109375,67940300,0.0,0.0,142.8128662109375
10/18/2021,141.44231256394542,144.78486650931248,141.15637793939857,144.49893188476562,85589200,0.0,0.0,144.49893188476562
10/19/2021,144.95250133431497,147.0822744477986,144.49894773593778,146.67800903320312,76378900,0.0,0.0,146.67800903320312
10/20/2021,146.61886041660767,147.65416811023377,146.04697602350723,147.1710205078125,58418800,0.0,0.0,147.1710205078125
10/21/2021,146.72731828386694,147.5457037743539,145.80047170318932,147.387939453125,61421000,0.0,0.0,147.387939453125
10/22/2021,147.59501327074804,148.07814583782394,146.55970555593134,146.6090087890625,58883400,0.0,0.0,146.6090087890625
10/25/2021,146.5991106757378,147.27945604335443,145.55394853514528,146.55967712402344,50720600,0.0,0.0,146.55967712402344
10/26/2021,147.2400029407419,148.72886380527575,146.92447438799778,147.2301483154297,60893400,0.0,0.0,147.2301483154297
10/27/2021,147.2696109547819,147.63442775138546,146.41179198104604,146.76675415039062,56094900,0.0,0.0,146.76675415039062
10/28/2021,147.72316540985054,151.02627065270437,147.62455896578822,150.43467712402344,100077900,0.0,0.0,150.43467712402344
10/29/2021,145.1595675606582,147.84150070620828,144.36090641165853,147.70346069335938,124953200,0.0,0.0,147.70346069335938
11/01/2021,146.90477728787036,147.60483187367495,145.73142983380353,146.8751983642578,74588300,0.0,0.0,146.8751983642578
11/02/2021,146.57939797466457,149.4486740031084,146.56952830304454,147.9203643798828,69122000,0.0,0.0,147.9203643798828
11/03/2021,148.28520115333916,149.84308991117842,147.72318646871202,149.36981201171875,54511500,0.0,0.0,149.36981201171875
11/04/2021,149.4585315884176,150.2966262050018,148.53168515165154,148.8472137451172,60394600,0.0,0.0,148.8472137451172
11/05/2021,149.98278850890344,150.28889357477792,148.1757651452791,149.3804473876953,65463900,0.22,0.0,149.6004473876953
11/08/2021,149.50878550957006,149.66678004507276,148.27448145193313,148.55096435546875,55020900,0.0,0.0,148.55096435546875
11/09/2021,148.31399498564807,149.52854614325867,148.17575351297035,148.9163360595703,56787900,0.0,0.0,148.9163360595703
11/10/2021,148.13625918253598,148.24487855636082,145.99350886907314,146.0626220703125,65187100,0.0,0.0,146.0626220703125
11/11/2021,147.08956934094945,147.5536538577219,145.8256279800036,146.01324462890625,41000000,0.0,0.0,146.01324462890625
11/12/2021,146.56621928837535,148.51148402703657,145.62815105479743,148.1066436767578,63804000,0.0,0.0,148.1066436767578
11/15/2021,148.4818653648595,149.97291460340222,147.553666119799,148.11651611328125,59222800,0.0,0.0,148.11651611328125
11/16/2021,148.05724020008097,149.58778021881042,147.46476823567346,149.1039276123047,59256200,0.0,0.0,149.1039276123047
11/17/2021,149.10392876276168,153.0537017101196,149.094059754581,151.5626678466797,88807000,0.0,0.0,151.5626678466797
11/18/2021,151.7798973707527,156.67760709119378,151.12818125778838,155.8876495361328,137827700,0.0,0.0,155.8876495361328
11/19/2021,155.6704174651018,158.9981113591749,154.56448588120375,158.5340118408203,117305600,0.0,0.0,158.5340118408203
11/22/2021,159.64982429089807,163.6193505453558,158.97837008428343,158.9981231689453,117467900,0.0,0.0,158.9981231689453
11/23/2021,159.09685749659897,159.7683267663454,157.0627267371947,159.3832244873047,96041900,0.0,0.0,159.3832244873047
11/24/2021,158.73151049665972,160.10405608115946,157.6354478308226,159.9065704345703,69463600,0.0,0.0,159.9065704345703
11/26/2021,157.5663414280532,158.43528132394664,154.39664166839933,154.8409881591797,76959800,0.0,0.0,154.8409881591797
11/29/2021,157.36883461165036,159.16598865803385,156.7961156869959,158.22792053222656,88748200,0.0,0.0,158.22792053222656
11/30/2021,157.98105898124433,163.4416192245255,157.91193071799793,163.22438049316406,174048100,0.0,0.0,163.22438049316406
12/01/2021,165.37701292461222,168.1616104861235,162.46405796949816,162.7010498046875,152052500,0.0,0.0,162.7010498046875
12/02/2021,156.74676524687112,162.1381975842973,155.81856607265013,161.70372009277344,136739200,0.0,0.0,161.70372009277344
12/03/2021,161.960449720025,162.88864880661436,157.7144406362592,159.8078155517578,118023100,0.0,0.0,159.8078155517578
12/06/2021,162.22704495662384,165.77197767614155,162.21717594830895,163.24412536621094,107497000,0.0,0.0,163.24412536621094
12/07/2021,166.95691099660309,169.42551918782235,166.22619754781428,169.03053283691406,120405400,0.0,0.0,169.03053283691406
12/08/2021,169.96862178676727,173.750531472463,168.55657001840456,172.88157653808594,116998900,0.0,0.0,172.88157653808594
12/09/2021,172.71369892583064,174.5305908523838,171.73612470422367,172.3680877685547,108923700,0.0,0.0,172.3680877685547
12/10/2021,173.00995100917171,177.37444868263327,172.49647626312054,177.1967010498047,115402700,0.0,0.0,177.1967010498047
12/13/2021,178.84571377375704,179.8430410833939,173.32590971018092,173.5332794189453,153237000,0.0,0.0,173.5332794189453
12/14/2021,173.04945257245782,175.50819201607808,170.0476313228759,172.14100646972656,139380400,0.0,0.0,172.14100646972656
12/15/2021,172.9112091123771,177.24608490371347,170.14636466311512,177.04859924316406,131063300,0.0,0.0,177.04859924316406
12/16/2021,177.0288254702417,178.86547052639114,168.6059357143104,170.0969696044922,150185800,0.0,0.0,170.0969696044922
12/17/2021,167.7962149362189,171.29177228502127,167.55923821235933,168.99102783203125,195432700,0.0,0.0,168.99102783203125
12/20/2021,166.16695690311394,168.43807950087265,165.35726123407693,167.61849975585938,107499100,0.0,0.0,167.61849975585938
12/21/2021,169.40577353512214,171.02517997691598,166.99640942404585,170.8178253173828,91185900,0.0,0.0,170.8178253173828
12/22/2021,170.8671962330143,173.65179380317866,169.98837222550952,173.43455505371094,92135300,0.0,0.0,173.43455505371094
12/23/2021,173.6419044304155,174.62934769685586,173.06918552781747,174.06649780273438,68356600,0.0,0.0,174.06649780273438
12/27/2021,174.86630676759393,178.15449432063227,174.8465687526354,178.0656280517578,74919600,0.0,0.0,178.0656280517578
12/28/2021,177.8977975078267,179.05310441897623,176.28826002622677,177.03871154785156,79144300,0.0,0.0,177.03871154785156
12/29/2021,177.07821881291008,178.36189818895497,175.90315880869642,177.12759399414062,62348900,0.0,0.0,177.12759399414062
12/30/2021,177.2164749873587,178.30266879581526,175.8537982216934,175.96241760253906,59773000,0.0,0.0,175.96241760253906
12/31/2021,175.8537917516371,176.9794766266251,175.03421192035427,175.34033203125,64062300,0.0,0.0,175.34033203125
01/03/2022,175.59702769887747,180.5836189187403,175.47853933527432,179.7245330810547,104487900,0.0,0.0,179.7245330810547
01/04/2022,180.33678994658433,180.6428949847129,176.87085402756523,177.44357299804688,99310400,0.0,0.0,177.44357299804688
01/05/2022,177.35469870642623,177.9076645654721,172.44710410660988,172.7235870361328,94537600,0.0,0.0,172.7235870361328
01/06/2022,170.53144774609515,173.0988062453202,169.48476030273352,169.84024047851562,96904000,0.0,0.0,169.84024047851562
01/07/2022,170.71909340703448,171.95339769017494,168.88244803103385,170.0081329345703,86709100,0.0,0.0,170.0081329345703
01/10/2022,166.95691331364495,170.33396755803727,166.05833630344532,170.02786254882812,106765600,0.0,0.0,170.02786254882812
01/11/2022,170.15623842643407,172.98031182878114,168.67507346130364,172.88157653808594,76138300,0.0,0.0,172.88157653808594
01/12/2022,173.90853099714386,174.9552186157356,172.62486659981641,173.32594299316406,74805200,0.0,0.0,173.32594299316406
01/13/2022,173.57278034449035,174.4022290921259,169.6328761924382,170.02786254882812,84505800,0.0,0.0,170.02786254882812
01/14/2022,169.18854740819773,171.59791169883235,168.94168655984893,170.89683532714844,80440800,0.0,0.0,170.89683532714844
01/18/2022,169.35639682120825,170.37346222601772,167.28277490871824,167.66787719726562,90956700,0.0,0.0,167.66787719726562
01/19/2022,167.86535015585113,168.93179065902146,163.856333027585,164.14268493652344,94815000,0.0,0.0,164.14268493652344
01/20/2022,164.88329177990747,167.54938589903946,162.11844729565604,162.44430541992188,91420500,0.0,0.0,162.44430541992188
01/21/2022,162.35543751746508,164.24145797528735,160.26206238901995,160.3706817626953,122848900,0.0,0.0,160.3706817626953
01/24/2022,158.0106759831979,160.26204542913388,152.7574705645549,159.590576171875,162294600,0.0,0.0,159.590576171875
01/25/2022,156.98373920776964,160.71627385692008,155.04835868379,157.77369689941406,115798400,0.0,0.0,157.77369689941406
01/26/2022,161.4469864345937,162.3258104063819,155.83831548367354,157.68482971191406,108275300,0.0,0.0,157.68482971191406
01/27/2022,160.41014035324446,161.7826857602811,156.29250413213447,157.220703125,121954600,0.0,0.0,157.220703125
01/28/2022,163.62923981024903,168.21097622981952,160.7557761219747,168.19122314453125,179935700,0.0,0.0,168.19122314453125
01/31/2022,168.02334423109676,172.80256586518593,167.38149708899897,172.5853271484375,115541600,0.0,0.0,172.5853271484375
02/01/2022,171.82503885653514,172.64461877363217,170.14638791171123,172.41751098632812,86213900,0.0,0.0,172.41751098632812
02/02/2022,172.55569434260252,173.6715099486926,171.15352684613566,173.6320037841797,84914300,0.0,0.0,173.6320037841797
02/03/2022,172.28908971620243,174.02699943557604,169.95872310201423,170.7289276123047,89418100,0.0,0.0,170.7289276123047
02/04/2022,169.74024560708847,172.13291622172343,168.75154422749532,170.44223022460938,82465400,0.22,0.0,170.66223022460937
02/07/2022,170.9069128240865,171.98459365505192,169.0184896595533,169.72047424316406,77251200,0.0,0.0,169.72047424316406
02/08/2022,169.78967979328894,173.36878896394666,169.493066368947,172.8546600341797,74829200,0.0,0.0,172.8546600341797
02/09/2022,174.06085672264015,174.65406841618463,172.92384124217506,174.2882537841797,71285000,0.0,0.0,174.2882537841797
02/10/2022,172.17247417149244,173.49733052663197,169.61174097318832,170.17529296875,90865900,0.0,0.0,170.17529296875
02/11/2022,170.38289887751,171.12442486138025,166.14136180139678,166.73458862304688,98670700,0.0,0.0,166.73458862304688
02/14/2022,165.4789445765699,167.6639812569009,164.6780988753327,166.97189331054688,86185500,0.0,0.0,166.97189331054688
02/15/2022,169.03827882433552,170.99590336357085,168.3264126125434,170.83770751953125,62527400,0.0,0.0,170.83770751953125
02/16/2022,169.90834537162365,171.38150083482472,168.1286797950986,170.60043334960938,61177400,0.0,0.0,170.60043334960938
02/17/2022,169.0975952357169,169.9676572747824,166.56652212540175,166.97189331054688,69589300,0.0,0.0,166.97189331054688
02/18/2022,167.90127597007793,168.6131270858014,164.3122851249756,165.4097442626953,82772700,0.0,0.0,165.4097442626953
02/22/2022,163.11595615459228,164.80664222191322,160.31792932378738,162.4634246826172,91162800,0.0,0.0,162.4634246826172
02/23/2022,163.66962699854807,164.27273547030302,157.94505239483,158.26144409179688,90009200,0.0,0.0,158.26144409179688
02/24/2022,150.8560798235249,161.0100486642762,150.2826311312103,160.9012908935547,141147500,0.0,0.0,160.9012908935547
02/25/2022,161.9888438848694,163.25438054909597,159.05239933633467,162.98744201660156,91974200,0.0,0.0,162.98744201660156
02/28/2022,161.2176265539998,163.55096215294185,160.59473992671425,163.2543487548828,95056600,0.0,0.0,163.2543487548828
03/01/2022,162.83910052884892,164.7176420441747,160.13995021338312,161.35604858398438,83474400,0.0,0.0,161.35604858398438
03/02/2022,162.5326354467534,165.46908004480204,161.108902903895,164.67811584472656,79724800,0.0,0.0,164.67811584472656
03/03/2022,166.5665338285285,167.00156487862694,163.6795274163323,164.35183715820312,76678400,0.0,0.0,164.35183715820312
03/04/2022,162.63147842466853,163.6794993640794,160.26848297696802,161.32638549804688,83737200,0.0,0.0,161.32638549804688
03/07/2022,161.51426263220387,163.15551059039814,157.24306530770593,157.50013732910156,96418800,0.0,0.0,157.50013732910156
03/08/2022,157.02554541421677,161.03967021977178,154.0396633076358,155.6611328125,131148300,0.0,0.0,155.6611328125
03/09/2022,159.65549448445674,161.56369599117872,157.60889047449194,161.10888671875,91454900,0.0,0.0,161.10888671875
03/10/2022,158.38998474546645,158.57784045313954,154.21766301197124,156.72897338867188,105342000,0.0,0.0,156.72897338867188
03/11/2022,157.13430867356143,157.48036020343002,152.7543686457664,152.9817657470703,96970100,0.0,0.0,152.9817657470703
03/14/2022,149.73882159092994,152.37865247586845,148.40408377434892,148.91819763183594,108732100,0.0,0.0,148.91819763183594
03/15/2022,149.19501624904436,153.81226447578743,148.68090244863347,153.33767700195312,92964300,0.0,0.0,153.33767700195312
03/16/2022,155.27555510263232,158.19222116304886,152.71482214328805,157.78684997558594,102300200,0.0,0.0,157.78684997558594
03/17/2022,156.81795214848634,159.1809482299348,155.84902886171025,158.80523681640625,75615400,0.0,0.0,158.80523681640625
03/18/2022,158.69646308873772,162.62160902198193,157.95493700693672,162.12725830078125,123511700,0.0,0.0,162.12725830078125
03/21/2022,161.66256219546824,164.47048566686735,161.16821149023136,163.51144409179688,95811400,0.0,0.0,163.51144409179688
03/22/2022,163.6399679966274,167.50579420271703,163.04675619137132,166.91258239746094,81532000,0.0,0.0,166.91258239746094
03/23/2022,166.09194700681948,170.68940229929132,165.75577707854524,168.286865234375,98062700,0.0,0.0,168.286865234375
03/24/2022,169.1272404255842,172.17244221224735,168.28685338006017,172.10324096679688,90131400,0.0,0.0,172.10324096679688
03/25/2022,171.91540508527538,173.2995810173685,170.79816767026625,172.74591064453125,80546200,0.0,0.0,172.74591064453125
03/28/2022,170.22471324913693,173.74448771637364,170.05663582641893,173.615966796875,90371900,0.0,0.0,173.615966796875
03/29/2022,174.69363214417595,176.98741127630302,174.34758066049875,176.93798828125,100589400,0.0,0.0,176.93798828125
03/30/2022,176.53264526747873,177.58066638087732,174.7035415674921,175.76145935058594,92633200,0.0,0.0,175.76145935058594
03/31/2022,175.8306471817805,176.01850285500657,172.42951207137398,172.63714599609375,103049300,0.0,0.0,172.63714599609375
04/01/2022,172.06371045790866,172.9041127167643,169.99732806830147,172.34054565429688,78751300,0.0,0.0,172.34054565429688
04/04/2022,172.59760444826185,176.47331198687104,172.469068443229,176.4238739013672,76468400,0.0,0.0,176.4238739013672
04/05/2022,175.4944955569432,176.28545968095588,172.44929348564514,173.08206176757812,73401800,0.0,0.0,173.08206176757812
04/06/2022,170.41256029792797,171.66821519983668,168.2077605761963,169.8885498046875,89058800,0.0,0.0,169.8885498046875
04/07/2022,169.22612998290126,171.40126997799135,167.93093360299522,170.19505310058594,77594700,0.0,0.0,170.19505310058594
04/08/2022,169.839120624596,169.839120624596,167.28826927222664,168.168212890625,76575500,0.0,0.0,168.168212890625
04/11/2022,166.80380557384342,167.12018214987918,163.6300677131204,163.8772430419922,72246700,0.0,0.0,163.8772430419922
04/12/2022,166.1216191548302,167.9507077557877,164.75720634834892,165.76568603515625,79265200,0.0,0.0,165.76568603515625
04/13/2022,165.4987303389521,169.10748449281851,164.88574028527495,168.47471618652344,70618900,0.0,0.0,168.47471618652344
04/14/2022,168.69223533420336,169.33490032382232,163.1752794732971,163.42245483398438,75329400,0.0,0.0,163.42245483398438
04/18/2022,162.06794033213865,164.71766807055616,161.72190387549182,163.2049560546875,69023900,0.0,0.0,163.2049560546875
04/19/2022,163.15550691744647,165.92387381510858,162.05804777569557,165.50860595703125,67723800,0.0,0.0,165.50860595703125
04/20/2022,166.85322692760852,166.97188134304034,164.22329291996056,165.34051513671875,67929800,0.0,0.0,165.34051513671875
04/21/2022,167.00157555842418,169.59196868517444,164.03547103049172,164.53970336914062,87227800,0.0,0.0,164.53970336914062
04/22/2022,164.57922339874136,165.97328075222072,159.6752583615178,159.96197509765625,84882400,0.0,0.0,159.96197509765625
04/25/2022,159.29956399916097,161.32640487700763,156.66962975305108,161.03968811035156,96046400,0.0,0.0,161.03968811035156
04/26/2022,160.41678512988216,160.50576462570882,154.9492681748931,155.0283660888672,95623200,0.0,0.0,155.0283660888672
04/27/2022,154.14841789961335,157.9845685503845,153.62440743589482,154.80096435546875,88063200,0.0,0.0,154.80096435546875
04/28/2022,157.45069349909753,162.66115395399348,157.13430181857612,161.7910919189453,130216800,0.0,0.0,161.7910919189453
04/29/2022,160.01143581982666,164.32217465833426,155.47329987659398,155.8687744140625,131747600,0.0,0.0,155.8687744140625
05/02/2022,154.9394009763579,156.44221622222133,151.53826579166054,156.17527770996094,123055300,0.0,0.0,156.17527770996094
05/03/2022,156.3631107358487,158.8941988363745,154.55380056141027,157.67808532714844,88966500,0.0,0.0,157.67808532714844
05/04/2022,157.86593620946732,164.59898971043918,157.4605650520147,164.14419555664062,108256500,0.0,0.0,164.14419555664062
05/05/2022,161.9987257835459,162.2261228748432,153.19927452380466,154.99871826171875,130525300,0.0,0.0,154.99871826171875
05/06/2022,154.47393016141885,157.87016645905368,152.6619464103828,155.73143005371094,116124600,0.23,0.0,155.96143005371093
05/09/2022,153.40455768575424,154.29570538410067,149.99844048998068,150.5628204345703,131577900,0.0,0.0,150.5628204345703
05/10/2022,153.9887584738163,155.19674759516099,151.42424806198036,152.9886932373047,115366700,0.0,0.0,152.9886932373047
05/11/2022,151.9886339207151,153.9194311344799,144.37434749780763,145.05755615234375,142689800,0.0,0.0,145.05755615234375
05/12/2022,141.36431108790205,144.7605325429566,137.4333979353619,141.1563720703125,182602000,0.0,0.0,141.1563720703125
05/13/2022,143.166382668275,146.64183334952773,141.70095877974322,145.6615753173828,113990900,0.0,0.0,145.6615753173828
05/16/2022,144.11692109740014,146.06752573177374,142.76039981181125,144.1070098876953,86643800,0.0,0.0,144.1070098876953
05/17/2022,147.3943512025114,148.29539512847248,145.23580724298668,147.77061462402344,78336300,0.0,0.0,147.77061462402344
05/18/2022,145.40412997962903,145.90910311193247,138.522547165129,139.43350219726562,109742900,0.0,0.0,139.43350219726562
05/19/2022,138.50276949389456,140.26524269966055,135.2550650399964,135.9976806640625,136095600,0.0,0.0,135.9976806640625
05/20/2022,137.72052158505213,139.3146701913345,131.30432764614642,136.23529052734375,137426100,0.0,0.0,136.23529052734375
05/23/2022,136.43334571596216,141.84949060292203,136.29472472707607,141.7009735107422,117726300,0.0,0.0,141.7009735107422
05/24/2022,139.42357835055688,140.57216058388687,135.9778467591175,138.97801208496094,104132700,0.0,0.0,138.97801208496094
05/25/2022,137.06702578438822,140.39394418835917,136.97791554080794,139.13645935058594,92482700,0.0,0.0,139.13645935058594
05/26/2022,136.0372655338598,142.91883322079272,135.7897270191604,142.36434936523438,90601500,0.0,0.0,142.36434936523438
05/27/2022,143.95848681261234,148.20624074686208,143.82976196023938,148.16664123535156,90978500,0.0,0.0,148.16664123535156
05/31/2022,147.60227328998045,149.1766146226737,145.39421885333064,147.37452697753906,103718400,0.0,0.0,147.37452697753906
06/01/2022,148.42408974946923,150.24598472935992,146.22594649501977,147.24581909179688,74286600,0.0,0.0,147.24581909179688
06/02/2022,146.3744660868653,149.78059822825432,145.41401550832651,149.72119140625,72348100,0.0,0.0,149.72119140625
06/03/2022,145.4536163392429,146.51308836976432,143.03765327403568,143.94859313964844,88570300,0.0,0.0,143.94859313964844
06/06/2022,145.58234733133668,147.1071930141322,143.47331439083774,144.70111083984375,71598400,0.0,0.0,144.70111083984375
06/07/2022,142.92874672189774,147.53295712568794,142.68120820323048,147.24581909179688,67808200,0.0,0.0,147.24581909179688
06/08/2022,147.1170797179272,148.39437170051437,146.0081120984065,146.50318908691406,53950200,0.0,0.0,146.50318908691406
06/09/2022,145.6318828064524,146.49331213315293,141.1266781358424,141.235595703125,69473000,0.0,0.0,141.235595703125
06/10/2022,138.89884139334572,139.37411121804698,135.71054339838713,135.7798614501953,91437900,0.0,0.0,135.7798614501953
06/13/2022,131.56177060074262,133.86883146972337,130.1458574880346,130.58152770996094,122207100,0.0,0.0,130.58152770996094
06/14/2022,131.81918702291455,132.57169851062295,130.18542410357892,131.45281982421875,84784300,0.0,0.0,131.45281982421875
06/15/2022,132.96779771906924,135.98777097921055,130.85877959686707,134.09657287597656,91533000,0.0,0.0,134.09657287597656
06/16/2022,130.77954962913986,131.08649496936542,127.7694728358176,128.77943420410156,108123900,0.0,0.0,128.77943420410156
06/17/2022,128.78934383923928,131.7697020745458,128.53189411815816,130.26466369628906,134520300,0.0,0.0,130.26466369628906
06/21/2022,132.1063371668194,135.71049691239972,132.00733083772084,134.53221130371094,81000500,0.0,0.0,134.53221130371094
06/22/2022,133.4628655105341,136.4036244186778,132.59154016969524,134.01736450195312,73409200,0.0,0.0,134.01736450195312
06/23/2022,135.47289465257484,137.2254565758992,134.29460882630008,136.9086151123047,72433800,0.0,0.0,136.9086151123047
06/24/2022,138.52254745012658,140.51276678737705,138.39383769567775,140.26522827148438,89116800,0.0,0.0,140.26522827148438
06/27/2022,141.29498184983507,142.07721202084508,139.58201955025223,140.26522827148438,70207900,0.0,0.0,140.26522827148438
06/28/2022,140.73061748221252,142.00790971797275,135.96797832613174,136.0867919921875,67083400,0.0,0.0,136.0867919921875
06/29/2022,136.10656923800607,139.28495497127201,135.324339153136,137.859130859375,66242400,0.0,0.0,137.859130859375
06/30/2022,135.89865131814642,137.00761908432995,132.45291925282422,135.37387084960938,98964500,0.0,0.0,135.37387084960938
07/01/2022,134.70052861472726,137.6709902862023,134.32428041015396,137.56207275390625,71051600,0.0,0.0,137.56207275390625
07/05/2022,136.41355139445503,140.21573998085742,135.58181036547904,140.16622924804688,73353800,0.0,0.0,140.16622924804688
07/06/2022,139.9582833547265,142.70099924099998,139.6909375263549,141.5128173828125,74064300,0.0,0.0,141.5128173828125
07/07/2022,141.87917340010168,145.1070854141634,141.86927729824623,144.9090576171875,66253700,0.0,0.0,144.9090576171875
07/08/2022,143.8297815200312,146.09724290754775,143.5723468888268,145.59225463867188,64547800,0.0,0.0,145.59225463867188
07/11/2022,144.23574507138733,145.19619575132768,142.3643544379211,143.44361877441406,63141600,0.0,0.0,143.44361877441406
07/12/2022,144.32485245050287,146.9883693281002,143.62185151844355,144.4238739013672,77588800,0.0,0.0,144.4238739013672
07/13/2022,141.5821253849652,145.0080497517364,140.72068113427855,144.05751037597656,71185600,0.0,0.0,144.05751037597656
07/14/2022,142.66140286727736,147.48344844296676,141.83957316089302,147.0081787109375,78140700,0.0,0.0,147.0081787109375
07/15/2022,148.30527727971514,149.3746455019247,146.74083201621704,148.69143676757812,76259900,0.0,0.0,148.69143676757812
07/18/2022,149.2558426938876,150.07767245517917,145.25561144877088,145.62197875976562,81420900,0.0,0.0,145.62197875976562
07/19/2022,146.4635686870257,149.74097580423836,145.46351864878457,149.51324462890625,82982400,0.0,0.0,149.51324462890625
07/20/2022,149.63207860125084,152.20648523316802,148.88946304687687,151.53317260742188,64823400,0.0,0.0,151.53317260742188
07/21/2022,152.97878242627604,154.038254385151,150.4439907788462,153.82041931152344,65086600,0.0,0.0,153.82041931152344
07/22/2022,153.86003345536736,154.74126993393372,151.89953271479692,152.5728302001953,66675400,0.0,0.0,152.5728302001953
07/25/2022,152.49363753577708,153.513495117198,150.7806750604614,151.44407653808594,53623900,0.0,0.0,151.44407653808594
07/26/2022,150.7608357086807,151.58266530413573,149.31521939555762,150.1073455810547,55138700,0.0,0.0,150.1073455810547
07/27/2022,151.07772111105004,155.78095329525252,150.66185818357852,155.2462615966797,78620700,0.0,0.0,155.2462615966797
07/28/2022,155.43438344853368,156.08788876822933,152.8896953160979,155.80075073242188,81378700,0.0,0.0,155.80075073242188
07/29/2022,159.65244261734333,162.0189101651723,157.9295691511612,160.90992736816406,101786900,0.0,0.0,160.90992736816406
08/01/2022,159.42469228034142,161.97929144829027,159.3058786334535,159.91976928710938,67829400,0.0,0.0,159.91976928710938
08/02/2022,158.52366513949866,160.81091851545926,158.05829153996413,158.43453979492188,59907000,0.0,0.0,158.43453979492188
08/03/2022,159.25636995332715,164.94975560416918,159.16725971701848,164.49429321289062,82507500,0.0,0.0,164.49429321289062
08/04/2022,164.37547225093508,165.54386191374454,162.81102700227106,164.1774444580078,55474100,0.0,0.0,164.1774444580078
08/05/2022,161.82752942152229,164.44516658423697,161.61930157844253,163.94940185546875,56697000,0.23,0.0,164.17940185546874
08/08/2022,164.96074382859808,166.38854860602837,162.80912681494266,163.47344970703125,60276900,0.0,0.0,163.47344970703125
08/09/2022,162.63063993619315,164.4153957011558,161.86715813932702,163.52301025390625,63135500,0.0,0.0,163.52301025390625
08/10/2022,166.25965879539243,167.90560139150796,165.48626699809273,167.80645751953125,70170500,0.0,0.0,167.80645751953125
08/11/2022,168.61949857006715,169.5416288408229,166.76534331006846,167.06280517578125,57149200,0.0,0.0,167.06280517578125
08/12/2022,168.38152614379842,170.7116111031257,167.96507049126873,170.6422119140625,68039400,0.0,0.0,170.6422119140625
08/15/2022,170.06713953808995,171.92129481215983,169.8985813431326,171.72299194335938,54091700,0.0,0.0,171.72299194335938
08/16/2022,171.316448704423,172.23857891476663,170.2059406166903,171.5643310546875,56377100,0.0,0.0,171.5643310546875
08/17/2022,171.30653581698056,174.65789484499606,171.10823296619571,173.0714569091797,79542000,0.0,0.0,173.0714569091797
08/18/2022,172.2782447292557,173.41849756341793,171.65357632418062,172.6748504638672,62290100,0.0,0.0,172.6748504638672
08/19/2022,171.56434272266262,172.2683353022885,169.8589108264947,170.067138671875,70346300,0.0,0.0,170.067138671875
08/22/2022,168.25264192977886,168.42120012788573,165.72423869909707,166.15060424804688,69026800,0.0,0.0,166.15060424804688
08/23/2022,165.66473794195815,167.280935744184,165.2383724223696,165.81346130371094,54147100,0.0,0.0,165.81346130371094
08/24/2022,165.9027034400395,166.68600499473612,164.8417597392389,166.1109161376953,53841500,0.0,0.0,166.1109161376953
08/25/2022,167.35032523062472,168.69880577394903,166.92397486530166,168.58973693847656,51218200,0.0,0.0,168.58973693847656
08/26/2022,169.12518089828768,169.60111078493034,162.1745499620026,162.23403930664062,78961000,0.0,0.0,162.23403930664062
08/29/2022,159.78498357111076,161.52016031228433,158.4662625618145,160.01304626464844,73314000,0.0,0.0,160.01304626464844
08/30/2022,160.75669121366747,161.18304165913048,156.3840422553622,157.56396484375,77906200,0.0,0.0,157.56396484375
08/31/2022,158.95206666989023,159.2197838289631,155.80892046586476,155.88824462890625,87991100,0.0,0.0,155.88824462890625
09/01/2022,155.31316792048585,157.07808907973265,153.35985375049842,156.6219940185547,74229900,0.0,0.0,156.6219940185547
09/02/2022,158.39680108947422,159.00163455014598,153.65729238304408,154.49017333984375,76957800,0.0,0.0,154.49017333984375
09/06/2022,155.1446082982696,155.75935169222674,152.38815774341003,153.22103881835938,73714800,0.0,0.0,153.22103881835938
09/07/2022,153.50858836802942,155.3429086731114,152.30883114173886,154.63893127441406,87449600,0.0,0.0,154.63893127441406
09/08/2022,153.33012515683168,155.03555715037297,151.38672063063117,153.1516571044922,84923800,0.0,0.0,153.1516571044922
09/09/2022,154.15310244467975,156.48320297067517,153.43919994861054,156.03700256347656,68028800,0.0,0.0,156.03700256347656
09/12/2022,158.23816985639266,162.8686102376433,157.95063299367388,162.04563903808594,104956000,0.0,0.0,162.04563903808594
09/13/2022,158.5455462848208,159.180124500749,152.07086046104854,152.53688049316406,122656600,0.0,0.0,152.53688049316406
09/14/2022,153.47883101153172,155.76927666184065,152.308833567664,153.9944305419922,87965400,0.0,0.0,153.9944305419922
09/15/2022,153.3400007879526,153.9250145756694,150.0977108576428,151.07931518554688,90481100,0.0,0.0,151.07931518554688
09/16/2022,149.92916684846563,150.06798035892996,147.11321186120145,149.42347717285156,162278800,0.0,0.0,149.42347717285156
09/19/2022,148.04524289681208,153.25077191641608,147.83703020856865,153.17144775390625,81474200,0.0,0.0,153.17144775390625
09/20/2022,152.10060054585608,156.74096590263613,151.78331901222964,155.57095336914062,107689800,0.0,0.0,155.57095336914062
09/21/2022,156.00723946945058,157.39538977216904,152.2989290227251,152.41790771484375,101696800,0.0,0.0,152.41790771484375
09/22/2022,151.08927678625108,153.16156990253398,149.6317271459177,151.44622802734375,86652500,0.0,0.0,151.44622802734375
09/23/2022,149.9093337524189,150.18696077654803,147.30160656555793,149.15576171875,96029900,0.0,0.0,149.15576171875
09/26/2022,148.39227603684918,152.46746199274344,148.37244121493083,149.4928741455078,93339400,0.0,0.0,149.4928741455078
09/27/2022,151.44621230920816,153.40943636669076,148.67983669546854,150.47450256347656,84442700,0.0,0.0,150.47450256347656
09/28/2022,146.38940848332982,149.36399685548867,143.61312297674044,148.57077026367188,146691400,0.0,0.0,148.57077026367188
09/29/2022,144.86246409630246,145.47720753676353,139.48836096299837,141.2731170654297,128138200,0.0,0.0,141.2731170654297
09/30/2022,140.08327022991986,141.88786097186377,136.83105505916646,137.02935791015625,124925300,0.0,0.0,137.02935791015625
10/03/2022,137.0392725769372,141.85810562818563,136.523673099524,141.24334716796875,114311700,0.0,0.0,141.24334716796875
10/04/2022,143.80151351212226,144.9814359667708,143.03803160684288,144.86245727539062,87830100,0.0,0.0,144.86245727539062
10/05/2022,142.8496466825943,146.13160654743484,141.79861281888807,145.15989685058594,79471000,0.0,0.0,145.15989685058594
10/06/2022,144.57490614824422,146.29024785411946,143.98990740600044,144.1981201171875,68402200,0.0,0.0,144.1981201171875
10/07/2022,141.33261037407277,141.88787961114065,138.26878780461504,138.9033660888672,85925600,0.0,0.0,138.9033660888672
10/10/2022,139.2305450439453,140.68809435203968,137.39622488302572,139.2305450439453,74899000,0.0,0.0,139.2305450439453
10/11/2022,138.7149548520656,140.1526845633486,137.04919274813565,137.80274963378906,77033700,0.0,0.0,137.80274963378906
10/12/2022,137.95148377596178,139.1710606443377,136.98969909282891,137.1681671142578,70433700,0.0,0.0,137.1681671142578
10/13/2022,133.84655819189766,142.37370189296797,133.23179968022453,141.77879333496094,113224000,0.0,0.0,141.77879333496094
10/14/2022,143.0876337318181,143.29586160419993,137.0194774392294,137.20787048339844,88598000,0.0,0.0,137.20787048339844
10/17/2022,139.87508930562527,141.6895751774198,139.08186259193963,141.2037353515625,85250900,0.0,0.0,141.2037353515625
10/18/2022,144.25761520376673,145.45735728319573,139.41894697916248,142.5323486328125,99136600,0.0,0.0,142.5323486328125
10/19/2022,140.48980149919532,143.7221818595757,140.3014084946249,142.64141845703125,61758300,0.0,0.0,142.64141845703125
10/20/2022,141.8085387444495,144.65422327538215,141.4416625790876,142.17539978027344,64522000,0.0,0.0,142.17539978027344
10/21/2022,141.65981364869302,146.59764141100962,141.44167595013897,146.02255249023438,86548600,0.0,0.0,146.02255249023438
10/24/2022,145.9432007324064,148.9574431607253,144.76327843946845,148.18405151367188,75981900,0.0,0.0,148.18405151367188
10/25/2022,148.81866486074222,151.19834483179957,148.09485253362456,151.0496063232422,74732300,0.0,0.0,151.0496063232422
10/26/2022,149.68127802721824,150.70255205209193,146.7859989977972,148.0849151611328,88194300,0.0,0.0,148.0849151611328
10/27/2022,146.81577669028928,147.78747133994761,142.90914813633714,143.57347106933594,109180200,0.0,0.0,143.57347106933594
10/28/2022,146.94465160218178,156.16587789422448,146.56788072455439,154.42079162597656,164762400,0.0,0.0,154.42079162597656
10/31/2022,151.86263915658375,152.93349267209908,150.63313731368754,152.04110717773438,97943200,0.0,0.0,152.04110717773438
11/01/2022,153.7663531588748,154.1332141285986,147.8667573293987,149.37387084960938,80379300,0.0,0.0,149.37387084960938
11/02/2022,147.68829159529312,150.88101726809495,143.77175374336406,143.80149841308594,93604600,0.0,0.0,143.80149841308594
11/03/2022,140.85666963398046,141.59040686521578,137.5747096127731,137.70361328125,97918500,0.0,0.0,137.70361328125
11/04/2022,141.1201389109348,141.69618184904843,133.46277320479885,137.4354705810547,140814800,0.23,0.0,137.66547058105468
11/07/2022,136.17411313107897,138.20018180073018,134.74393987973207,137.9717559814453,83374600,0.0,0.0,137.9717559814453
11/08/2022,139.45159797711918,140.4646247855077,136.55153102939948,138.5478057861328,89908500,0.0,0.0,138.5478057861328
11/09/2022,137.55464478370465,137.6043065311606,133.67132951406973,133.9494171142578,74917800,0.0,0.0,133.9494171142578
11/10/2022,140.27593212870218,145.86749267578125,138.54780353220147,145.86749267578125,118854000,0.0,0.0,145.86749267578125
11/11/2022,144.82467123277104,148.98605846163642,143.3845564980358,148.6781768798828,93979700,0.0,0.0,148.6781768798828
11/14/2022,147.9531606595145,149.25421642686356,146.42366391656765,147.2678680419922,73374100,0.0,0.0,147.2678680419922
11/15/2022,151.1809970507812,152.54164102732938,147.5459753820785,149.015869140625,89868300,0.0,0.0,149.015869140625
11/16/2022,148.1120742927186,148.84701350670014,146.28462223489134,147.77438354492188,64218300,0.0,0.0,147.77438354492188
11/17/2022,145.43048233021918,150.44601477794896,145.15239478284641,149.6912078857422,80389400,0.0,0.0,149.6912078857422
11/18/2022,151.27036618763825,151.6577035353549,148.94634210133836,150.25732421875,74829600,0.0,0.0,150.25732421875
11/21/2022,149.13505921813822,149.3436173383075,146.71171145763637,146.99972534179688,58724100,0.0,0.0,146.99972534179688
11/22/2022,147.1188970103385,149.39325922806384,145.9270758635219,149.15489196777344,51804100,0.0,0.0,149.15489196777344
11/23/2022,148.4299112998693,150.79367122534765,148.32066150949916,150.0388641357422,58301400,0.0,0.0,150.0388641357422
11/25/2022,147.29766134762122,147.8637779088144,146.11578163956008,147.09902954101562,35195900,0.0,0.0,147.09902954101562
11/28/2022,144.14929886495187,145.63906012447168,142.4013177761173,143.23558044433594,69246000,0.0,0.0,143.23558044433594
11/29/2022,143.3051044189075,143.82155926699608,139.39201064327435,140.20640563964844,83763800,0.0,0.0,140.20640563964844
11/30/2022,140.4348271676097,147.70486965569398,139.59063818227912,147.0195770263672,111380900,0.0,0.0,147.0195770263672
12/01/2022,147.19837537475453,148.1120939476033,145.60929037132505,147.2976837158203,71250400,0.0,0.0,147.2976837158203
12/02/2022,144.96372311904042,146.98979196182546,144.65582636544178,146.80108642578125,65447400,0.0,0.0,146.80108642578125
12/05/2022,146.7613684703626,149.88986140908474,144.77501989856773,145.629150390625,68826400,0.0,0.0,145.629150390625
12/06/2022,146.06613272813942,146.29455854436696,140.95127665033309,141.9345245361328,64727200,0.0,0.0,141.9345245361328
12/07/2022,141.21941859472685,142.39135668290947,139.04436503128193,139.9779510498047,69721100,0.0,0.0,139.9779510498047
12/08/2022,141.3882861856932,142.5403719475055,140.13689209211967,141.67630004882812,62128300,0.0,0.0,141.67630004882812
12/09/2022,141.36841557556565,144.5763792342476,139.93824226655906,141.1896514892578,76097000,0.0,0.0,141.1896514892578
12/12/2022,141.72596325780566,143.51367994899726,140.09715808463918,143.50375366210938,70462700,0.0,0.0,143.50375366210938
12/13/2022,148.47955724023083,148.94635037168482,143.25546589935428,144.47706604003906,93886200,0.0,0.0,144.47706604003906
12/14/2022,144.35785959112363,145.65891522020638,140.19645774231861,142.2324676513672,82291200,0.0,0.0,142.2324676513672
12/15/2022,140.14681691071019,140.83210955761993,135.10148997822154,135.5682830810547,98931900,0.0,0.0,135.5682830810547
12/16/2022,135.75698557450488,136.71042433221177,132.81718323653095,133.59185791015625,160156900,0.0,0.0,133.59185791015625
12/19/2022,134.18776388687704,134.27714592584528,130.42364041774078,131.46646118164062,79592600,0.0,0.0,131.46646118164062
12/20/2022,130.49316518534027,132.34046991187157,129.0034037979646,131.39695739746094,77432800,0.0,0.0,131.39695739746094
12/21/2022,132.0723249847124,135.87618468372685,131.8438991203074,134.5254669189453,85928000,0.0,0.0,134.5254669189453
12/22/2022,133.43296275091745,133.64152085088406,129.41060412199468,131.32742309570312,77852100,0.0,0.0,131.32742309570312
12/23/2022,130.02637469119406,131.5161361085835,128.75511282739268,130.9599609375,63814900,0.0,0.0,130.9599609375
12/27/2022,130.4832474530843,130.5130414704142,127.84140011582228,129.1424560546875,69007800,0.0,0.0,129.1424560546875
12/28/2022,128.78489956921987,130.13561711754596,125.01084207139421,125.17967987060547,85438400,0.0,0.0,125.17967987060547
12/29/2022,127.11636631482602,129.58936800134032,126.85814647325702,128.72531127929688,75703700,0.0,0.0,128.72531127929688
12/30/2022,127.53352248928758,129.0630043270669,126.56020828792721,129.0431365966797,77034200,0.0,0.0,129.0431365966797
01/03/2023,129.39073780676358,130.00650098147304,123.32244263957944,124.21630096435547,112117500,0.0,0.0,124.21630096435547
01/04/2023,126.02387869336417,127.78180134126632,124.22623574390637,125.49749755859375,89113600,0.0,0.0,125.49749755859375
01/05/2023,126.26223174808351,126.89786262199395,123.90841377283684,124.16663360595703,80962700,0.0,0.0,124.16663360595703
01/06/2023,125.14987775344896,129.40065435939678,124.0375199688127,128.7352294921875,87754700,0.0,0.0,128.7352294921875
01/09/2023,129.57945024285453,132.4993850669957,129.00340733870235,129.26162719726562,70790800,0.0,0.0,129.26162719726562
01/10/2023,129.37086864665307,130.36404286822778,127.24547641866863,129.83766174316406,63896200,0.0,0.0,129.83766174316406
01/11/2023,130.35412628547778,132.5986947376574,129.56952526006646,132.57884216308594,69458900,0.0,0.0,132.57884216308594
01/12/2023,132.9661827911385,133.3435787275284,130.54283502596002,132.4993896484375,71379600,0.0,0.0,132.4993896484375
01/13/2023,131.12878761949952,133.99906043393142,130.76131801720834,133.84014892578125,57809700,0.0,0.0,133.84014892578125
01/17/2023,133.90966114145823,136.35286085729862,133.21444232616352,135.0120849609375,63646600,0.0,0.0,135.0120849609375
01/18/2023,135.88610523043243,137.66388043157554,134.1083148746533,134.28709411621094,69672800,0.0,0.0,134.28709411621094
01/19/2023,133.1647999523524,135.3199861704186,132.85691837186238,134.3466796875,58280400,0.0,0.0,134.3466796875
01/20/2023,134.35662194566166,137.07792506139188,133.303859582205,136.92893981933594,80223600,0.0,0.0,136.92893981933594
01/23/2023,137.17722358305448,142.34174184526063,136.95872403405485,140.14682006835938,81760300,0.0,0.0,140.14682006835938
01/24/2023,139.35226577130828,142.18281822585527,139.3423394852482,141.55711364746094,66435100,0.0,0.0,141.55711364746094
01/25/2023,139.92831292546484,141.457794530821,137.86250876362064,140.89169311523438,65799300,0.0,0.0,140.89169311523438
01/26/2023,142.1927398993167,143.2653697897825,140.9314044973845,142.97735595703125,54105100,0.0,0.0,142.97735595703125
01/27/2023,142.18283236349689,146.22504376861514,142.10337660321017,144.9339141845703,70555800,0.0,0.0,144.9339141845703
01/30/2023,143.97055408936905,144.55652329289205,141.8749556971805,142.02392578125,64015300,0.0,0.0,142.02392578125
01/31/2023,141.72595613719017,143.354761228522,141.3088247893091,143.3050994873047,65874500,0.0,0.0,143.3050994873047
02/01/2023,142.98727594088535,145.60925495047604,140.35537064599407,144.4373016357422,77663600,0.0,0.0,144.4373016357422
02/02/2023,147.88364983537028,150.14808606722812,147.1586368267885,149.79055786132812,118339000,0.0,0.0,149.79055786132812
02/03/2023,147.01959541833034,156.30578150110725,146.82096358250018,153.4454345703125,154357300,0.0,0.0,153.4454345703125
02/06/2023,151.52859854392088,152.0549796699713,149.75080819737352,150.69432067871094,69858300,0.0,0.0,150.69432067871094
02/07/2023,149.61176760387022,154.1704337495785,149.61176760387022,153.59439086914062,83322600,0.0,0.0,153.59439086914062
02/08/2023,152.8296542679531,153.52487319304961,150.13814545587863,150.88302612304688,64120100,0.0,0.0,150.88302612304688
02/09/2023,152.73033541552053,153.27658428560338,149.3932693192212,149.84019470214844,56007100,0.0,0.0,149.84019470214844
02/10/2023,148.66647825616155,150.53648644568855,148.42774702487543,150.20823669433594,57450700,0.23,0.0,150.43823669433593
02/13/2023,150.1485454554566,153.44096896610014,150.11870595119737,153.0331573486328,62199000,0.0,0.0,153.0331573486328
02/14/2023,151.31232901179808,152.9535776062572,150.05902432148076,152.3865966796875,61707600,0.0,0.0,152.3865966796875
02/15/2023,152.2970804238483,154.67439038274873,152.06830583254452,154.5052947998047,65573800,0.0,0.0,154.5052947998047
02/16/2023,152.69495536853472,155.49999027127097,152.53581640052838,152.89390563964844,68167900,0.0,0.0,152.89390563964844
02/17/2023,151.54111618875172,152.18765899572864,150.04908031624456,151.74005126953125,59144100,0.0,0.0,151.74005126953125
02/21/2023,149.4025348069726,150.49670060928622,147.62204519532594,147.69166564941406,58867200,0.0,0.0,147.69166564941406
02/22/2023,148.0796038957193,149.1538717038383,146.3786912495295,148.11940002441406,51011300,0.0,0.0,148.11940002441406
02/23/2023,149.2931353303864,149.541808025058,146.458275717796,148.60679626464844,48394200,0.0,0.0,148.60679626464844
02/24/2023,146.3289462499006,146.40852332547482,144.94632681457074,145.9310760498047,55469600,0.0,0.0,145.9310760498047
02/27/2023,146.925751774328,148.37799151687287,146.66712251059016,147.13462829589844,44998500,0.0,0.0,147.13462829589844
02/28/2023,146.26926061852384,148.2884813892963,146.05042746504142,146.62734985351562,50547000,0.0,0.0,146.62734985351562
03/01/2023,146.0504165651183,146.4482867175158,144.2400724628308,144.53848266601562,55479000,0.0,0.0,144.53848266601562
03/02/2023,143.6134545750437,145.93108583150152,143.1359920895942,145.1353302001953,52238100,0.0,0.0,145.1353302001953
03/03/2023,147.253988562387,150.30769596517774,146.54776674161596,150.22811889648438,70732300,0.0,0.0,150.22811889648438
03/06/2023,152.97347901816434,155.47016243697976,152.64524443729124,153.01327514648438,87558000,0.0,0.0,153.01327514648438
03/07/2023,152.88396165866814,153.2122114198132,150.3276143834854,150.7951202392578,56182000,0.0,0.0,150.7951202392578
03/08/2023,151.9986858536599,152.65518536875717,151.02389320194862,152.05836486816406,47204800,0.0,0.0,152.05836486816406
03/09/2023,152.74469885129204,153.71949147084382,149.43237705560682,149.79046630859375,53833600,0.0,0.0,149.79046630859375
03/10/2023,149.4124908183281,150.13861075084444,146.82628902946112,147.71156311035156,68572400,0.0,0.0,147.71156311035156
03/13/2023,147.02521614531622,152.32691890026754,146.91579957147016,149.6710968017578,84457100,0.0,0.0,149.6710968017578
03/14/2023,150.47680383786826,152.58554320830987,149.30307612874327,151.77984619140625,73695900,0.0,0.0,151.77984619140625
03/15/2023,150.38728809452823,152.43634849082213,149.12402666639323,152.177734375,77167900,0.0,0.0,152.177734375
03/16/2023,151.3521413592778,155.62931442757105,150.8348979427509,155.02255249023438,76161100,0.0,0.0,155.02255249023438
03/17/2023,155.251315431779,155.90781489058338,153.46086926130096,154.1770477294922,98944600,0.0,0.0,154.1770477294922
03/20/2023,154.24666967132887,156.98206866250376,153.3315410160227,156.5642852783203,73641400,0.0,0.0,156.5642852783203
03/21/2023,156.48474098938001,158.55368419347982,155.70886831562402,158.434326171875,73938300,0.0,0.0,158.434326171875
03/22/2023,158.45421605358433,161.27913372272772,156.9721215914886,156.9920196533203,75701800,0.0,0.0,156.9920196533203
03/23/2023,157.9867216798227,160.69228152915832,156.84281829728235,158.086181640625,67622100,0.0,0.0,158.086181640625
03/24/2023,158.0165505839538,159.48868843392353,157.01191853393632,159.399169921875,59196500,0.0,0.0,159.399169921875
03/27/2023,159.09082636642628,159.91642143440507,157.03180941777293,157.43963623046875,52390300,0.0,0.0,157.43963623046875
03/28/2023,157.13128131197888,157.64852469355822,155.15184147819755,156.81297302246094,45992200,0.0,0.0,156.81297302246094
03/29/2023,158.52385152978854,160.19493979325281,158.50396864384618,159.9164276123047,51305700,0.0,0.0,159.9164276123047
03/30/2023,160.67237554046594,161.6073871569827,160.4137614418063,161.4979705810547,49501700,0.0,0.0,161.4979705810547
03/31/2023,161.57754470287887,164.12395022951105,161.05035989515147,164.02447509765625,68749800,0.0,0.0,164.02447509765625
04/03/2023,163.39784400301394,165.4071082701306,163.3481064329263,165.28775024414062,56976200,0.0,0.0,165.28775024414062
04/04/2023,165.71546145608107,165.9541774883584,164.23336698533802,164.7506103515625,46278300,0.0,0.0,164.7506103515625
04/05/2023,163.86534120069717,164.17369287009453,160.9409482959518,162.89053344726562,51511700,0.0,0.0,162.89053344726562
04/06/2023,161.5675955168882,164.08417683308292,161.13988582133632,163.7857666015625,45390100,0.0,0.0,163.7857666015625
04/10/2023,160.56297681334848,161.16973876953125,159.23009486952935,161.16973876953125,47716900,0.0,0.0,161.16973876953125
04/11/2023,161.48803207823502,161.49797352067327,159.6577897586907,159.94625854492188,47644200,0.0,0.0,159.94625854492188
04/12/2023,160.36403345153403,161.19956998427634,158.9316764366756,159.24998474121094,50133100,0.0,0.0,159.24998474121094
04/13/2023,160.77185745878992,164.91971572128995,160.56296574037586,164.6809844970703,68445600,0.0,0.0,164.6809844970703
04/14/2023,163.71613667723,165.43696249527883,162.9502357755526,164.33285522460938,49386500,0.0,0.0,164.33285522460938
04/17/2023,164.21346609228308,164.5118763052592,163.1590964938383,164.35272216796875,41516200,0.0,0.0,164.35272216796875
04/18/2023,165.21812044520615,166.52116274782824,164.77049751750582,165.58615112304688,49923000,0.0,0.0,165.58615112304688
04/19/2023,164.91971970616623,167.26719034550067,164.66109041256874,166.74000549316406,47720200,0.0,0.0,166.74000549316406
04/20/2023,165.2081581873049,166.97870624189716,164.6809733832844,165.7651824951172,52456400,0.0,0.0,165.7651824951172
04/21/2023,164.1736993693865,165.56626024688208,163.61667501838826,164.14385986328125,58337300,0.0,0.0,164.14385986328125
04/24/2023,164.1239445035273,164.72076491828594,163.01983736066535,164.4521942138672,41949600,0.0,0.0,164.4521942138672
04/25/2023,164.31295638532643,165.42700509361606,162.86070130964148,162.90049743652344,48714100,0.0,0.0,162.90049743652344
04/26/2023,162.19425303608213,164.40246746710312,161.93563893414958,162.89053344726562,45498800,0.0,0.0,162.89053344726562
04/27/2023,164.31294881528854,167.66505140633132,164.31294881528854,167.51585388183594,64902300,0.0,0.0,167.51585388183594
04/28/2023,167.59542941249302,168.94820927398084,166.9886675221689,168.7790985107422,55209200,0.0,0.0,168.7790985107422
05/01/2023,168.38122353778564,169.54500971834221,167.74462216095705,168.6895751953125,52472900,0.0,0.0,168.6895751953125
05/02/2023,169.18693041616754,169.44555970108405,166.65046620211868,167.64515686035156,48425700,0.0,0.0,167.64515686035156
05/03/2023,168.6000624384739,170.0125213172155,166.2724899979184,166.56094360351562,65136000,0.0,0.0,166.56094360351562
05/04/2023,164.01454398948366,166.15312285913822,163.43762157947924,164.90975952148438,81235400,0.0,0.0,164.90975952148438
05/05/2023,170.0722226612502,173.37460328466116,169.8533894788422,172.6484832763672,113316400,0.0,0.0,172.6484832763672
05/08/2023,171.56423819663877,172.9269747011503,171.19620751488353,172.57882690429688,55962800,0.0,0.0,172.57882690429688
05/09/2023,172.13121978381886,172.61860848787975,170.6889213788365,170.85801696777344,45326900,0.0,0.0,170.85801696777344
05/10/2023,172.10137776411975,173.1060098405757,170.98731393302577,172.6385040283203,53724500,0.0,0.0,172.6385040283203
05/11/2023,172.92697452515523,173.66303588791664,171.25588635084412,172.82749938964844,49514700,0.0,0.0,172.82749938964844
05/12/2023,172.93706250990883,173.37533420587695,170.3273731187135,171.89120483398438,45497800,0.24,0.0,172.13120483398438
05/15/2023,172.47888207576645,172.52868844146965,170.79552722687274,171.39317321777344,37266700,0.0,0.0,171.39317321777344
05/16/2023,171.3134860724021,172.45895648973138,171.12423100199123,171.39317321777344,42110300,0.0,0.0,171.39317321777344
05/17/2023,171.03458601089363,172.24977316234938,169.74965171001222,172.01072692871094,57951600,0.0,0.0,172.01072692871094
05/18/2023,172.31949567632782,174.55068999363556,171.9011495916016,174.36143493652344,65496700,0.0,0.0,174.36143493652344
05/19/2023,175.69618118157862,175.69618118157862,174.25188769888334,174.4710235595703,55772400,0.0,0.0,174.4710235595703
05/22/2023,173.2956346754905,174.02277411854425,172.767720679106,173.5147705078125,43570900,0.0,0.0,173.5147705078125
05/23/2023,172.44899401773384,172.69801063697102,170.60626495587147,170.88516235351562,50747300,0.0,0.0,170.88516235351562
05/24/2023,170.4170126302911,171.74178288976046,169.84926263267195,171.1640625,45143500,0.0,0.0,171.1640625
05/25/2023,171.73183464058962,173.21596404787886,171.01466552076792,172.30955505371094,56058300,0.0,0.0,172.30955505371094
05/26/2023,172.63824359050517,175.07860334167583,172.42906294953954,174.73992919921875,54835000,0.0,0.0,174.73992919921875
05/30/2023,176.2639258931609,178.28593957321095,175.87546058514062,176.6025848388672,55964400,0.0,0.0,176.6025848388672
05/31/2023,176.63246729207188,178.64452579825308,176.06470211408902,176.5527801513672,99625300,0.0,0.0,176.5527801513672
06/01/2023,177.00100879870806,179.41148783388277,176.23403336063532,179.38160705566406,68901800,0.0,0.0,179.38160705566406
06/02/2023,180.31790735430997,181.06495718819198,178.55486549069346,180.23822021484375,61945900,0.0,0.0,180.23822021484375
06/05/2023,181.91161710360484,184.2224833194857,177.33966063559689,178.8736114501953,121946500,0.0,0.0,178.8736114501953
06/06/2023,179.26208623258174,179.41149012558373,176.732068853447,178.5050811767578,64848400,0.0,0.0,178.5050811767578
06/07/2023,177.73810077247185,180.49720911019173,176.6225112057842,177.12054443359375,61944600,0.0,0.0,177.12054443359375
06/08/2023,177.20023019214594,180.12866823181108,176.76197368446597,179.8597412109375,50214900,0.0,0.0,179.8597412109375
06/09/2023,180.7860533779337,181.5131776014298,179.9194804650169,180.24818420410156,48870700,0.0,0.0,180.24818420410156
06/12/2023,180.55697059507563,183.16665984417074,180.25814761875324,183.06704711914062,54274900,0.0,0.0,183.06704711914062
06/13/2023,182.08095504969188,183.4256356744868,181.7223705099929,182.5889434814453,54929100,0.0,0.0,182.5889434814453
06/14/2023,182.64872000179994,183.6647121473104,181.30403926684178,183.2264404296875,57462900,0.0,0.0,183.2264404296875
06/15/2023,183.23639618928618,185.786323944071,183.05709631968222,185.2783203125,65433200,0.0,0.0,185.2783203125
06/16/2023,185.99548959169113,186.25447660375428,183.54517456171465,184.19261169433594,101235600,0.0,0.0,184.19261169433594
06/20/2023,183.6846110920239,185.36796576384026,183.6846110920239,184.28224182128906,49799100,0.0,0.0,184.28224182128906
06/21/2023,184.17269418441902,184.68069783880586,181.87178294607781,183.2364044189453,49515700,0.0,0.0,183.2364044189453
06/22/2023,183.01726350796105,186.31424117902353,182.94753155780876,186.26443481445312,51245300,0.0,0.0,186.26443481445312
06/23/2023,184.8201339508181,186.8222220558245,184.28224955326726,185.9456787109375,53079300,0.0,0.0,185.9456787109375
06/26/2023,186.09510581331676,187.3103081578761,184.50139333556953,184.54124450683594,48088700,0.0,0.0,184.54124450683594
06/27/2023,185.1587891232395,187.64895521247493,184.93965329148537,187.32025146484375,50730800,0.0,0.0,187.32025146484375
06/28/2023,187.19078479659507,189.153037172084,186.86209620061717,188.50559997558594,51216800,0.0,0.0,188.50559997558594
06/29/2023,188.33624985342487,189.32236112966342,188.196801155663,188.84423828125,46347300,0.0,0.0,188.84423828125
06/30/2023,190.8762391546527,193.71501972244147,190.50768419345133,193.20703125,85069600,0.0,0.0,193.20703125
07/03/2023,193.01777233768289,193.11738507089765,191.00571367714446,191.70297241210938,31458200,0.0,0.0,191.70297241210938
07/05/2023,190.81645399376237,192.2208961141751,189.87017872276084,190.577392578125,46920300,0.0,0.0,190.577392578125
07/06/2023,189.09325926868843,191.26469212547062,188.45577732150596,191.05551147460938,45094300,0.0,0.0,191.05551147460938
07/07/2023,190.65708636446033,191.91212464308984,189.4916904202826,189.92994689941406,46778000,0.0,0.0,189.92994689941406
07/10/2023,188.5155401723345,189.24267965988435,186.30427132814685,187.86810302734375,59922200,0.0,0.0,187.86810302734375
07/11/2023,188.41594837791777,188.5553970841044,185.8660204940656,187.34019470214844,46638100,0.0,0.0,187.34019470214844
07/12/2023,188.93388677529288,190.9459453646829,187.7286548193661,189.02354431152344,60750200,0.0,0.0,189.02354431152344
07/13/2023,189.7506608551825,190.43794914520103,189.03349178723,189.79049682617188,41342300,0.0,0.0,189.79049682617188
07/14/2023,189.48172886317428,190.4279890125226,188.884098073529,189.93992614746094,41573900,0.0,0.0,189.93992614746094
07/17/2023,191.14515345345208,193.5556477354541,191.05551111700868,193.22694396972656,50520200,0.0,0.0,193.22694396972656
07/18/2023,192.58946161253755,193.5656025155189,191.66311187496166,192.96795654296875,48353800,0.0,0.0,192.96795654296875
07/19/2023,192.34044756295265,197.45025838164847,191.89220547816066,194.33258056640625,80507300,0.0,0.0,194.33258056640625
07/20/2023,194.3226126676721,195.69718932129925,191.74280404280077,192.37033081054688,59581200,0.0,0.0,192.37033081054688
07/21/2023,193.3365047463307,194.20307769746034,190.4777836889955,191.18499755859375,71917800,0.0,0.0,191.18499755859375
07/24/2023,192.64922883845722,194.14332861502578,191.4937880302063,191.9918212890625,45377800,0.0,0.0,191.9918212890625
07/25/2023,192.56953059268332,193.6751649715615,192.16113969625803,192.85838317871094,37283200,0.0,0.0,192.85838317871094
07/26/2023,192.90820253361855,194.8704548084565,192.55958836829734,193.7349395751953,47471900,0.0,0.0,193.7349395751953
07/27/2023,195.2489655208223,196.42431673114166,191.79261344485482,192.45997619628906,47460200,0.0,0.0,192.45997619628906
07/28/2023,193.90426683539943,195.85656389411233,193.37635279784942,195.05970764160156,48291400,0.0,0.0,195.05970764160156
07/31/2023,195.28879602456212,195.71711252394465,194.49193978290543,195.67726135253906,38824100,0.0,0.0,195.67726135253906
08/01/2023,195.46808764669953,195.95615048504968,194.5118571573249,194.84056091308594,35175100,0.0,0.0,194.84056091308594
08/02/2023,194.27279420990914,194.4122429053097,191.09535499337028,191.82247924804688,50389300,0.0,0.0,191.82247924804688
08/03/2023,190.8164655019149,191.61330653789514,189.9399221238144,190.41802978515625,61235200,0.0,0.0,190.41802978515625
08/04/2023,184.79026832517823,186.64295269320507,181.20442271003947,181.27415466308594,115799700,0.0,0.0,181.27415466308594
08/07/2023,181.41358099979874,182.40964741464634,176.6523847527286,178.146484375,97576100,0.0,0.0,178.146484375
08/08/2023,178.98319025671523,179.56091064553183,176.88148935208375,179.09275817871094,67823000,0.0,0.0,179.09275817871094
08/09/2023,180.15854085881242,180.21830241630204,176.31372360637374,177.4890899658203,60378500,0.0,0.0,177.4890899658203
08/10/2023,178.774013458841,180.03902218573214,176.90141874996962,177.26995849609375,54686900,0.0,0.0,177.26995849609375
08/11/2023,176.86103401179025,178.15765692951192,176.09302281059547,177.32980346679688,51988100,0.24,0.0,177.56980346679688
08/14/2023,177.5093347104991,179.2248837934574,176.85103943509347,178.9954833984375,43675600,0.0,0.0,178.9954833984375
08/15/2023,178.41698331344688,179.01542111314353,176.5917183467517,176.9906768798828,43622600,0.0,0.0,176.9906768798828
08/16/2023,176.6715088360585,178.077847523966,176.04313470320503,176.1129608154297,46964900,0.0,0.0,176.1129608154297
08/17/2023,176.68149345468237,177.05053088327483,173.03096327911956,173.54962158203125,66062900,0.0,0.0,173.54962158203125
08/18/2023,171.85401162617282,174.64676698593655,171.51489535472876,174.03834533691406,61114200,0.0,0.0,174.03834533691406
08/21/2023,174.61684598938066,175.6740997889724,173.29028681200668,175.3848419189453,46311900,0.0,0.0,175.3848419189453
08/22/2023,176.60168210151676,177.22007237656354,175.79378120171899,176.771240234375,42084200,0.0,0.0,176.771240234375
08/23/2023,178.05792305417845,181.08007898396926,177.86841241513326,180.65118408203125,52722800,0.0,0.0,180.65118408203125
08/24/2023,180.2023353282038,180.63123019068544,175.55439404818648,175.92344665527344,54945800,0.0,0.0,175.92344665527344
08/25/2023,176.920862636065,178.68627009200725,175.3649030792993,178.14767456054688,51449600,0.0,0.0,178.14767456054688
08/28/2023,179.6238397948552,180.12254556265876,178.08783272650885,179.7235870361328,43820700,0.0,0.0,179.7235870361328
08/29/2023,179.23485995024538,184.42139718223174,179.0353806758023,183.64341735839844,53003900,0.0,0.0,183.64341735839844
08/30/2023,184.4612992752611,187.36377061365383,184.26182000394698,187.16427612304688,60813900,0.0,0.0,187.16427612304688
08/31/2023,187.3537916380428,188.63047727086166,186.99472285260666,187.3837127685547,60794500,0.0,0.0,187.3837127685547
09/01/2023,188.99952562202014,189.42840529581662,187.79265091469628,188.9696044921875,45732600,0.0,0.0,188.9696044921875
09/05/2023,187.79264653310435,189.48824313432817,187.1243826169458,189.20896911621094,45280000,0.0,0.0,189.20896911621094
09/06/2023,187.9123337350437,188.36118111706094,181.0002788589256,182.43655395507812,81755800,0.0,0.0,182.43655395507812
09/07/2023,174.72655833279825,177.74872950935872,173.09080390305863,177.10040283203125,112488800,0.0,0.0,177.10040283203125
09/08/2023,177.88835387199813,179.7734610698555,177.3297906265692,177.71878051757812,65551300,0.0,0.0,177.71878051757812
09/11/2023,179.6039055932151,179.8333059889256,176.88096109655558,178.89573669433594,58953100,0.0,0.0,178.89573669433594
09/12/2023,179.0254037112626,179.66374649136318,174.36749362190037,175.84365844726562,90370200,0.0,0.0,175.84365844726562
09/13/2023,176.05309799011047,176.84106159614169,173.52964811832908,173.75906372070312,84267900,0.0,0.0,173.75906372070312
09/14/2023,173.5496240133427,175.64419452880742,173.1307129541085,175.28512573242188,60895800,0.0,0.0,175.28512573242188
09/15/2023,176.02317240043635,176.04312489128733,173.3700694503225,174.55697631835938,109205100,0.0,0.0,174.55697631835938
09/18/2023,176.02318966025513,178.91569234562047,175.71399450855753,177.50933837890625,67257600,0.0,0.0,177.50933837890625
09/19/2023,177.060500163931,179.16503911404078,176.67151027359282,178.6064910888672,51826900,0.0,0.0,178.6064910888672
09/20/2023,178.79598177702323,179.23484527644453,174.94597274022502,175.03575134277344,58436200,0.0,0.0,175.03575134277344
09/21/2023,174.09820292251132,175.8436732736293,173.40998646326923,173.47979736328125,63047900,0.0,0.0,173.47979736328125
09/22/2023,174.21787041800854,176.6216358620672,173.59948013851994,174.33755493164062,56725400,0.0,0.0,174.33755493164062
09/25/2023,173.74908327896154,176.51191744342995,173.69920965923552,175.6242218017578,46172700,0.0,0.0,175.6242218017578
09/26/2023,174.3674901491058,174.7464961795814,171.2156660766922,171.514892578125,64588900,0.0,0.0,171.514892578125
09/27/2023,172.17316413415114,172.59207512779804,168.61241307850682,169.98883056640625,66921800,0.0,0.0,169.98883056640625
09/28/2023,168.90167248987925,171.58471206222458,167.1861233630107,170.24818420410156,56294400,0.0,0.0,170.24818420410156
09/29/2023,171.5747313281895,172.62201645215555,169.89907208598544,170.76683044433594,51814200,0.0,0.0,170.76683044433594
10/02/2023,170.77681236510975,173.84884186537948,170.48755448339438,173.30026245117188,52164500,0.0,0.0,173.30026245117188
10/03/2023,171.81411359767475,173.18057781382615,170.3778537041243,171.95375061035156,49594600,0.0,0.0,171.95375061035156
10/04/2023,170.64713998312988,173.75907439644644,170.52745546621898,173.2104949951172,53020300,0.0,0.0,173.2104949951172
10/05/2023,173.34014883218975,174.99585567935134,172.23302138852057,174.45726013183594,48527900,0.0,0.0,174.45726013183594
10/06/2023,173.35014256002898,177.52929968195573,172.73173700665149,177.0305938720703,57224100,0.0,0.0,177.0305938720703
10/09/2023,176.35233773828827,178.586545140136,175.34495752878217,178.52670288085938,42390800,0.0,0.0,178.52670288085938
10/10/2023,177.63901050882285,179.25481241665128,177.48938963854312,177.92825317382812,43698000,0.0,0.0,177.92825317382812
10/11/2023,177.7387302034045,179.38446834652845,177.14029242168925,179.3345947265625,47551100,0.0,0.0,179.3345947265625
10/12/2023,179.60390574966783,181.8680190182936,178.57655784778134,180.24224853515625,56743100,0.0,0.0,180.24224853515625
10/13/2023,180.9503941070408,181.45906849760303,177.67888557559613,178.38705444335938,51427100,0.0,0.0,178.38705444335938
10/16/2023,176.2924984636196,178.61646929372674,176.05311420316764,178.2574005126953,52517000,0.0,0.0,178.2574005126953
10/17/2023,176.1927462456331,177.95816897083367,174.3475439884926,176.6914520263672,57549400,0.0,0.0,176.6914520263672
10/18/2023,175.12552039693168,177.12034348123078,174.656735754578,175.3848419189453,54764400,0.0,0.0,175.3848419189453
10/19/2023,175.5843294448986,177.3796733490986,174.73653872575767,175.00584411621094,59302900,0.0,0.0,175.00584411621094
10/20/2023,174.85621309141914,174.9659289686177,172.19312612955457,172.43251037597656,64189300,0.0,0.0,172.43251037597656
10/23/2023,170.46761380432906,173.55958051659098,169.4901395151607,172.5522003173828,55980100,0.0,0.0,172.5522003173828
10/24/2023,172.6020684613408,173.22045874030823,171.00620392422798,172.99105834960938,43816600,0.0,0.0,172.99105834960938
10/25/2023,171.4351148591958,172.61205327063868,170.2082876033844,170.65713500976562,57157000,0.0,0.0,170.65713500976562
10/26/2023,169.92901121450438,170.93640668147964,165.24117968890843,166.45802307128906,70625300,0.0,0.0,166.45802307128906
10/27/2023,166.47796968744774,168.52266646068966,166.3981749351079,167.78457641601562,58499100,0.0,0.0,167.78457641601562
10/30/2023,168.58249574245585,170.7269243765725,168.43287488610179,169.8491973876953,51131000,0.0,0.0,169.8491973876953
10/31/2023,168.9116498560739,170.4576255627833,167.46539095218353,170.32797241210938,44846000,0.0,0.0,170.32797241210938
11/01/2023,170.5573703976512,173.77900535487174,169.67964338741967,173.51968383789062,56934900,0.0,0.0,173.51968383789062
11/02/2023,175.06568529128302,177.3198299896822,175.00584303139613,177.11038208007812,77334800,0.0,0.0,177.11038208007812
11/03/2023,173.78899868906478,176.36232238453803,172.90130299413468,176.1927490234375,79763700,0.0,0.0,176.1927490234375
11/06/2023,175.92345372436816,178.9655467706447,175.75389558750595,178.7660675048828,63841300,0.0,0.0,178.7660675048828
11/07/2023,178.71618427838777,181.9677554907887,178.50673638734708,181.349365234375,70530000,0.0,0.0,181.349365234375
11/08/2023,181.8779999252986,182.97514348481917,181.119957416558,182.41659545898438,49340300,0.0,0.0,182.41659545898438
11/09/2023,182.48641506319984,183.64340083860955,181.33938270457128,181.93783569335938,53763500,0.0,0.0,181.93783569335938
11/10/2023,183.73554918405551,186.33224183036495,183.29610748335608,186.16244506835938,66133400,0.24,0.0,186.40244506835938
11/13/2023,185.58320330783454,185.79292715545378,183.97525443893107,184.5644989013672,43627500,0.0,0.0,184.5644989013672
11/14/2023,187.46078926458034,187.87027041189003,186.06257954125826,187.2011260986328,60108400,0.0,0.0,187.2011260986328
11/15/2023,187.61060123560034,189.25849230239072,187.54068313200264,187.7703857421875,53790500,0.0,0.0,187.7703857421875
11/16/2023,189.32842548097503,190.7166535006721,188.40958448838913,189.46824645996094,54412900,0.0,0.0,189.46824645996094
11/17/2023,190.0075413320201,190.13738053383017,188.32968967482697,189.44825744628906,50922700,0.0,0.0,189.44825744628906
11/20/2023,189.64799944733292,191.665429382446,189.63801767771372,191.2060089111328,46505100,0.0,0.0,191.2060089111328
11/21/2023,191.16607193396044,191.27593236021258,189.49820200038192,190.3970489501953,38134500,0.0,0.0,190.3970489501953
11/22/2023,191.2459711599096,192.68412322684492,190.58680860464136,191.06619262695312,39617700,0.0,0.0,191.06619262695312
11/24/2023,190.6267522263334,190.6567127754737,189.00882161538343,189.7279052734375,24048300,0.0,0.0,189.7279052734375
11/27/2023,189.67796542618484,190.42700963133007,188.6592610401712,189.54812622070312,40552600,0.0,0.0,189.54812622070312
11/28/2023,189.53814363581148,190.83648996701584,189.1586230302466,190.1573486328125,38415400,0.0,0.0,190.1573486328125
11/29/2023,190.6567110591483,191.84519696215938,188.72917796487158,189.128662109375,43014200,0.0,0.0,189.128662109375
11/30/2023,189.59805583906353,190.0774550781323,187.95016476787455,189.70791625976562,48794400,0.0,0.0,189.70791625976562
12/01/2023,190.08744814709164,191.31587638662512,188.98884387476514,190.9962921142578,45679300,0.0,0.0,190.9962921142578
12/04/2023,189.73788550270768,189.80780360969626,187.21111095010338,189.18858337402344,43389500,0.0,0.0,189.18858337402344
12/05/2023,189.9676069826232,194.15225453151382,189.9376311938118,193.1735076904297,66628400,0.0,0.0,193.1735076904297
12/06/2023,194.20219588541244,194.51179839270407,191.86518156649146,192.07492065429688,41089700,0.0,0.0,192.07492065429688
12/07/2023,193.3832466328422,194.7514958553385,193.34328907401897,194.02243041992188,47477700,0.0,0.0,194.02243041992188
12/08/2023,193.95250119525352,195.74022848621226,193.4231778662606,195.46058654785156,53377300,0.0,0.0,195.46058654785156
12/11/2023,192.86390450431702,193.2434251153588,191.17605577332816,192.93380737304688,60943700,0.0,0.0,192.93380737304688
12/12/2023,192.83394068150258,194.47185005596947,191.47567325589517,194.4618682861328,52696900,0.0,0.0,194.4618682861328
12/13/2023,194.84136518523079,197.74766021246222,194.60168080481918,197.7077178955078,70404200,0.0,0.0,197.7077178955078
12/14/2023,197.7676470402107,199.36559885225122,195.91001681969797,197.85752868652344,66831600,0.0,0.0,197.85752868652344
12/15/2023,197.27826448828358,198.14715087461823,196.74894114495982,197.31822204589844,128256700,0.0,0.0,197.31822204589844
12/18/2023,195.84009240695235,196.37941274614911,194.14226199411678,195.64035034179688,55751900,0.0,0.0,195.64035034179688
12/19/2023,195.9100211150961,196.69900764893433,195.64036093090226,196.68902587890625,40714100,0.0,0.0,196.68902587890625
12/20/2023,196.64906488656985,197.4280696367784,194.5817108154297,194.5817108154297,52242800,0.0,0.0,194.5817108154297
12/21/2023,195.85008847188206,196.8288352539667,193.25339591934758,194.431884765625,46482500,0.0,0.0,194.431884765625
12/22/2023,194.93125981716426,195.16097768282282,192.72408472397143,193.35328674316406,37122800,0.0,0.0,193.35328674316406
12/26/2023,193.36326950926926,193.6429114660523,192.5842647383245,192.80398559570312,28919300,0.0,0.0,192.80398559570312
12/27/2023,192.2446918123762,193.2533991590325,190.8464668609015,192.90383911132812,48087700,0.0,0.0,192.90383911132812
12/28/2023,193.8925816105714,194.41192317414902,192.92381658822248,193.3332977294922,34049900,0.0,0.0,193.3332977294922
12/29/2023,193.6528866387712,194.15224943592054,191.48565392786432,192.28463745117188,42628800,0.0,0.0,192.28463745117188
